Probability_-1.2236392998687713,Probability_0.0023293404165421,Probability_1.2282979807018557
2.860541141189277e-10,0.9854039571826962,0.014596042531249803
1.7296933964004008e-10,0.6910160725418484,0.3089839272851822
0.9997248445098347,1.326177604678981e-22,0.00027515549016541847
3.598754882138186e-05,9.461464734347438e-08,0.9999639178365313
0.005920704950711473,5.6210157690172496e-11,0.9940792949930785
8.108062498036716e-11,0.9968538470228593,0.003146152896060128
3.0432050790841967e-11,0.8846549190348039,0.11534508093476423
0.0007047693720560974,1.42194819881863e-09,0.9992952292059957
4.0459884004331825e-07,0.0006010486293885029,0.9993985467717715
0.995304690008066,9.466247190979536e-20,0.00469530999193402
0.9999999986705419,6.502893739017943e-37,1.3294581339577948e-09
3.5132540631715764e-19,0.9999999704911138,2.9508886292353967e-08
5.244152754185527e-08,0.003207048334466049,0.9967928992240064
4.585957074770339e-09,0.9680015960153826,0.031998399398660324
4.037238225377011e-09,0.9247767136230184,0.0752232823397434
0.0004148731511764725,4.4663907083872695e-09,0.9995851223824329
0.9999998040613514,1.2902988850642044e-30,1.9593864857046148e-07
4.693204200473747e-24,0.9999999999437672,5.623285071356884e-11
5.5973199366282234e-08,0.0011225152101433094,0.9988774288166573
0.002900261982455374,6.92687158833146e-11,0.9970997379482759
0.9999999999961449,8.468513409838888e-43,3.8552217945238515e-12
5.804319092606684e-07,0.0008505261584188692,0.9991488934096718
0.009447744523345448,1.1553120061957195e-10,0.9905522553611235
5.3911409947295605e-05,9.271320793173646e-07,0.9999451614579734
0.9999961737661447,1.4495777830550086e-27,3.826233855325777e-06
0.9999946188862795,5.562956803298861e-27,5.381113720554178e-06
1.19890587107727e-31,0.9999999999999998,3.119019462609979e-16
0.9999999987594248,1.80135984430758e-36,1.2405752668415348e-09
0.9999958170548355,3.357109837119653e-28,4.182945164455777e-06
1.1667894485935543e-23,0.9999999999629026,3.7097363450920925e-11
0.9999962071524994,8.892095935615994e-28,3.79284750069831e-06
1.681579256648108e-18,0.9999999165746037,8.34253961866211e-08
0.9995000724052221,2.1957302829495992e-21,0.0004999275947778204
1.4203385496611693e-22,0.9999999996513071,3.486928882126092e-10
5.850535114027321e-21,0.9999999157875339,8.421246618025444e-08
0.9999999997472926,9.067232401459068e-38,2.527074300211329e-10
0.9840801246831213,9.657774538311927e-18,0.015919875316878666
2.061962693106475e-14,0.9999646177898623,3.5382210117036123e-05
4.142305879647761e-15,0.9999931835556503,6.816444345553708e-06
2.384842857841352e-07,0.7146676088488018,0.2853321526669123
1.3019148376868244e-06,0.00016272810634758986,0.9998359699788147
0.9999804105320991,5.153446575239064e-25,1.9589467900877374e-05
0.00026205832065710494,1.0523838008835927e-08,0.9997379311555049
3.0743420496313075e-06,2.8705232984430125e-06,0.9999940551346519
5.47677247759729e-09,0.24020405090815158,0.759795943615076
0.9999999999980298,4.4475379359251794e-43,1.9702758938133522e-12
0.12054909507031644,2.5163408681487238e-12,0.8794509049271673
0.9999848101072755,1.1853068902049074e-25,1.5189892724565483e-05
0.0006845244531437726,6.075949550230132e-10,0.9993154749392612
1.157924944478025e-15,0.9999934911642643,6.508835734654003e-06
0.9999921964945718,1.0427105386539625e-26,7.803505428144907e-06
0.9988425915260766,1.7827194493912034e-21,0.0011574084739233164
8.597836443224378e-15,0.999381695517037,0.0006183044829542499
3.650456897244216e-21,0.9999999989872403,1.012759703853964e-09
0.9982350890070355,3.1661427292056517e-20,0.001764910992964604
8.901318657657255e-08,0.0014252071829859347,0.9985747038038275
2.59134556273729e-06,2.2263892377640187e-05,0.9999751447620597
5.176411585743528e-15,0.9997707397506771,0.00022926024931777892
0.0008563974044480106,1.8892573881016073e-08,0.9991435837029782
7.224489936426093e-15,0.9995343471388289,0.00046565286116374323
1.136491889883467e-20,0.9999999968821309,3.117869163950556e-09
0.9999007318138767,2.065833270723606e-23,9.926818612314035e-05
0.9999999999978086,4.6340160405100715e-43,2.191294666428705e-12
1.7596617821698255e-20,0.9999999973268476,2.673152388242739e-09
0.9999999999963238,7.643703749763485e-43,3.676162224040381e-12
0.999999998248549,5.2994828639478455e-36,1.7514508927183058e-09
2.5593447939355547e-05,1.124440772891637e-06,0.9999732821112878
0.9999960105206599,6.101418051101383e-28,3.989479340185395e-06
2.3500901560297987e-25,0.9999999999979983,2.0016970668558077e-12
5.922175139059514e-06,0.008464211722020124,0.9915298661028409
0.00011148804748127104,3.42730282661274e-08,0.9998884776794904
7.562229159890217e-17,0.999999555500005,4.444999951221952e-07
0.9999980818465934,7.937694037444305e-28,1.9181534065249905e-06
4.958251875274519e-21,0.9999999312986482,6.870135191352779e-08
3.4670162759134056e-05,1.3097906663130227e-06,0.9999640200465746
2.0186344085709431e-22,0.9999999996788862,3.2111378241452617e-10
3.6626649224463247e-06,6.404787501699004e-06,0.9999899325475757
1.5253075142374063e-32,0.9999999999999998,2.1860121901899148e-16
0.9951353264105653,7.057293992861978e-19,0.004864673589434724
0.999582099915937,9.936974017458785e-22,0.0004179000840628982
9.224333628282294e-06,1.429207342240572e-06,0.9999893464590294
0.9999999997877622,1.6950636971568434e-38,2.1223785987132907e-10
0.9999851776630049,9.842189579029057e-26,1.4822336995134292e-05
0.010453377644887228,7.938832787541497e-09,0.98954661441628
0.9999992210139013,1.1234401759998129e-29,7.789860987459035e-07
1.4503162389398535e-06,0.05748001173191653,0.9425185379518446
1.1009593361930438e-15,0.9999979683852308,2.0316147681963706e-06
0.998185430945224,7.828942240735134e-20,0.0018145690547759646
0.9994219836963675,4.498464553426992e-21,0.0005780163036325879
2.244694727703148e-22,0.9999999997757978,2.2420211808347869e-10
4.6036923144440494e-07,0.48914636762516506,0.5108531720056034
1.2427463854071362e-21,0.9999999617214367,3.827856319893404e-08
0.9999999993228017,1.293115770702699e-37,6.771982403751058e-10
5.933242353413472e-13,0.9919045945475877,0.00809540545181906
1.6782417058369985e-22,0.9999999996775766,3.224234753996264e-10
4.798427806642918e-16,0.9999982016838139,1.798316185627259e-06
7.0796754346377995e-06,1.9681162703437325e-06,0.9999909522082951
1.889959934733397e-11,0.9397680208218857,0.060231979159214466
1.2202879392571508e-05,2.8145368147041426e-06,0.9999849825837926
2.259512588639431e-23,0.9999999999480165,5.1983510599744306e-11
0.999999999253566,4.870740869468722e-37,7.464339495315282e-10
0.9999875812605911,1.075581267405829e-26,1.2418739408930419e-05
0.9996478456032815,4.420599439162505e-22,0.00035215439671850996
2.7191997100579237e-27,0.9999999999997287,2.712881190098011e-13
0.0011200026732476388,2.201576263443455e-10,0.9988799971065947
0.0003965654006504266,2.6309799531416735e-05,0.9995771247998182
0.0024927504274695734,5.578103544805828e-10,0.99750724901472
2.506131168583978e-25,0.9999999999936835,6.3164114512605685e-12
4.416584576409085e-06,6.526799459958488e-06,0.9999890566159636
6.958850369434467e-20,0.9999999936163415,6.383658361208506e-09
0.9999999959580432,7.082452928518901e-34,4.0419566726611325e-09
0.0058947315753238435,5.90000425039078e-07,0.9941046784242512
1.4658669302737011e-08,0.8147782559532923,0.1852217293880383
2.144149870593703e-21,0.9999999091503788,9.084962104408446e-08
1.45976024686125e-06,1.825659851852567e-05,0.9999802836412347
0.9999908063309538,1.553091035466391e-25,9.193669046122514e-06
3.697650660157611e-18,0.9999960047696466,3.995230353397247e-06
1.4576459985047443e-05,0.02223816402135688,0.9777472595186579
0.9993461205584097,1.1621157690856136e-21,0.0006538794415902909
0.001736683077830965,2.104674566041985e-10,0.9982633167117015
0.00019386574378926227,1.1267124091332732e-07,0.9998060215849698
2.7539159426394125e-29,0.9999999999999825,1.7648763773214655e-14
0.001729698092041087,1.373422947019866e-10,0.9982703017706166
5.027879836360787e-11,0.9942657620449369,0.005734237904784126
6.072732536697105e-15,0.9995341962343354,0.0004658037656587234
4.912349237228772e-05,3.903561068479493e-07,0.9999504861515209
2.5161870492525826e-18,0.9999977141120074,2.28588799261186e-06
9.006263158667392e-12,0.9994542838457786,0.0005457161452150161
0.9999705946757109,6.374121449131713e-26,2.9405324289155554e-05
0.9998898067310101,1.2540326120255605e-23,0.00011019326898981962
4.4252708247785164e-21,0.9999999973567151,2.6432850260098853e-09
1.1740718818402633e-07,0.693023468852564,0.3069764137402477
3.3130655348090185e-07,0.005511533742967094,0.9944881349504795
8.498036997647925e-19,0.9999985121537401,1.4878462597824979e-06
8.155368789590805e-19,0.999999975258743,2.474125701105542e-08
5.5043001345668034e-08,0.8883224817804121,0.11167746317658668
0.999999999998475,2.103436467265266e-43,1.5249837734427792e-12
0.9999999998514426,1.6416078015295059e-38,1.48557485417059e-10
0.9999999991021327,1.4360433594633751e-37,8.978673224531267e-10
4.490650381071283e-33,1.0,4.989576071148754e-17
0.9962706969345719,1.2261676394152798e-19,0.0037293030654280473
4.848446767444441e-25,0.9999999999947498,5.250180632474494e-12
0.9999957258790532,2.674067856789296e-27,4.274120946741011e-06
0.0023451772674580418,1.0627117764130496e-10,0.9976548226262707
0.999999997228683,6.997561752012537e-35,2.7713169217677096e-09
6.97440263222425e-18,0.9999998571190454,1.428809545952666e-07
0.003677933466415327,3.0847458421260887e-10,0.9963220662251101
0.999999992504634,7.079841875791525e-34,7.495366126824959e-09
1.7161274307269659e-22,0.9999999999378619,6.213808179211922e-11
0.9999999997603171,8.368504334812054e-38,2.3968300429679566e-10
0.9999999970379452,3.317240053932328e-36,2.962054777204961e-09
0.999993456735077,1.2873099342841669e-26,6.543264923111376e-06
2.804621183497137e-23,0.9999999975705227,2.429477177115049e-09
2.6039572214501264e-07,0.0018836506241925184,0.9981160889800854
0.9997982394783415,1.1859514552543284e-22,0.00020176052165851174
8.563893417434488e-06,1.5464013654267935e-06,0.9999898897052171
0.9999999998058948,3.939847215700131e-37,1.9410510386786297e-10
6.838278293059211e-05,1.1325589882495041e-07,0.9999315039611707
0.9997507690784203,1.3197990848368824e-22,0.0002492309215796251
6.38018271087225e-05,9.570055380315369e-08,0.9999361024723374
2.2632944870195677e-06,0.009387379995723259,0.9906103567097898
1.0885154696782804e-08,0.883844726901443,0.11615526221340228
4.133325590212956e-10,0.9913419006266662,0.008658098960001387
3.664711965409326e-15,0.9996944022174351,0.0003055977825612021
1.0429503367400446e-15,0.9999934396533232,6.560346675655845e-06
0.9999999999941775,2.6797126395471793e-42,5.8225436399352674e-12
0.0007232874397932748,1.3237662258429263e-09,0.9992767112364406
0.9996732653629412,1.6920868817211145e-22,0.00032673463705871033
0.9981989766647665,1.2155871545933773e-20,0.001801023335233471
0.9999979539684098,9.01626706290149e-28,2.046031590106143e-06
0.9999841777607242,2.9009945019298034e-25,1.5822239275729586e-05
0.9999999998612037,1.8912868615271526e-38,1.387962262347998e-10
0.9999992616697895,4.3237403830805385e-29,7.38330210460529e-07
0.01875615384741967,5.870952472939436e-11,0.9812438460938708
0.0006530660345904614,3.902099595784935e-09,0.99934693006331
1.2969748797121098e-06,5.3347133201505973e-05,0.9999453558919189
0.9999979991502163,6.632264826613979e-28,2.0008497837148867e-06
0.999999969712541,3.154806813651109e-32,3.028745902578762e-08
5.072756150906499e-14,0.9999747520386919,2.5247961257501387e-05
0.9999999993364026,1.2348240124954814e-37,6.635973374631789e-10
1.0083084651071048e-16,0.9999993269276771,6.73072322972979e-07
3.536380297667623e-06,6.817323247354695e-06,0.999989646296455
0.0006911699343753932,9.92295081630606e-10,0.9993088290733296
0.9999999991233754,3.0391558014946866e-37,8.766246553767353e-10
0.09080385499280899,2.4449859056782453e-12,0.909196145004746
1.7950592816013954e-18,0.9999999595046499,4.0495350043932785e-08
2.1507507533023386e-05,7.393368554009672e-08,0.9999784185587813
0.005723859491944267,9.517529109779577e-11,0.9942761404128804
8.231535479353227e-07,5.5672392731783385e-05,0.9999435044537203
7.160474672864113e-13,0.9998722982363395,0.0001277017629445131
1.1312542252726862e-09,0.9429801522332112,0.05701984663553453
0.00012621394339894438,2.412375768302514e-05,0.9998496622989179
2.5254256153881976e-09,0.9685718374801221,0.03142815999445229
7.0541229847927e-05,2.8477641574368697e-08,0.9999294302925105
5.28091332821359e-11,0.997931660431958,0.002068339515232976
2.452235332517387e-10,0.9940266434498238,0.005973356304952689
3.871185174859566e-20,0.9999999907392038,9.260796260522978e-09
5.267887875913901e-20,0.9999999920543315,7.945668454331045e-09
0.9999995619503808,3.084303075367804e-30,4.3804961916844e-07
0.08218596402128464,1.6495065947265198e-12,0.9178140359770658
0.0007592746234549339,1.077483468044931e-09,0.9992407242990615
1.1721276073447102e-31,0.9999999999999996,4.163959185240424e-16
0.037350377473880994,1.4568025985748095e-08,0.9626496079580931
2.3830807737725865e-06,7.17909441701538e-05,0.9999258259750562
0.000360653120073529,3.808311186395328e-09,0.9996393430716154
1.2920854229916246e-26,0.9999999999992215,7.784577275898063e-13
2.976187258210122e-21,0.9999999986128267,1.3871732826065448e-09
0.9999999990372392,9.042467273758805e-36,9.627607754607102e-10
0.9996814890613794,9.134706742680516e-22,0.0003185109386204731
3.8098166630622064e-07,0.00010104375192301043,0.9998985752664107
0.9999907429662815,4.807472745154469e-27,9.257033718438651e-06
5.477461379065757e-07,0.12671667221023084,0.8732827800436314
2.910498622298496e-13,0.9998101943119936,0.00018980568771526953
4.838829058415933e-09,0.2333257697364941,0.7666742254246769
0.9677566289618277,1.0810214571251077e-17,0.03224337103817242
0.008532703725204505,1.6460804334919953e-11,0.9914672962583347
0.9999999962378763,1.1819288637326545e-34,3.7621237039515325e-09
1.968247385104646e-07,0.00030597070026957483,0.9996938324749919
0.001414925814216615,1.3147000381506795e-09,0.9985850728710833
4.915899302183111e-08,0.7447641941395783,0.2552357567014286
1.8941688125662192e-07,0.5286928560962814,0.47130695448683746
0.9999996317717598,2.6129070100123812e-30,3.682282401856347e-07
0.9999975673344274,1.125154421258733e-28,2.4326655726574742e-06
0.9999998791908994,4.454863689987996e-31,1.2080910049085384e-07
0.01728554314452178,8.735473914609423e-12,0.9827144568467429
5.323291510639735e-06,1.3668112724075115e-05,0.9999810085957653
1.1989057018019806e-06,8.557570997169471e-05,0.9999132253843264
0.0003491285276242375,1.7293003249473233e-05,0.9996335784691263
0.9933040564106284,1.8551584798014702e-19,0.006695943589371549
0.9999986621902258,7.980647453246648e-27,1.3378097742922884e-06
3.6523022704034135e-08,0.008596511370718523,0.9914034521062588
0.9917917383974385,4.8841567047717675e-18,0.008208261602561554
0.9993616495445092,4.801474170498474e-21,0.0006383504554907744
1.4958140358309014e-17,0.9999901012413578,9.898758642322419e-06
1.1673458955231018e-10,0.9132131953942254,0.0867868044890401
0.9984715615708646,2.184892414370995e-20,0.0015284384291352844
1.523788937195671e-05,0.002435706876685443,0.9975490552339425
7.510802536773475e-08,0.007875603169506086,0.9921243217224686
0.999880745243624,1.6209746100726223e-23,0.00011925475637598048
0.9998039347069505,1.1130009418712043e-23,0.00019606529304935734
0.9999999931737964,6.618053013433823e-35,6.826203510127049e-09
2.6467375132228843e-17,0.9999764180291624,2.358197083762348e-05
1.4557602622332413e-32,0.9999999999999973,2.7569825804371974e-15
4.1539738295661883e-23,0.9999999999055327,9.446733572657971e-11
0.9999969257492601,2.098437013650341e-27,3.0742507397411484e-06
1.1671299350693664e-06,0.049238671489737165,0.9507601613803277
2.5466513615542257e-06,7.085932914044872e-05,0.999926594019498
0.9999969872184787,5.203399178817183e-28,3.0127815212439535e-06
2.1869776777447446e-21,0.9999999718221261,2.817787385780193e-08
1.657804006842484e-07,0.0003431996028417975,0.9996566346167576
1.0766948455427686e-06,0.15328349306462663,0.8467154302405279
0.015339253652463044,9.321938317865853e-12,0.984660746338215
0.00010129623026942374,0.0026236714949594894,0.997275032274771
1.1948360081846372e-27,0.9999999999998828,1.1716880473027432e-13
2.8171170637302272e-09,0.9698163596161264,0.030183637566756443
0.001101664108903368,3.15636339837295e-06,0.9988951795276984
0.0002505578316820099,1.8551633793587044e-09,0.9997494403131547
1.3583142718494087e-10,0.99105898200857,0.008941017855598695
0.9999571993603747,4.777578878724967e-25,4.280063962514451e-05
2.1510603563391387e-05,6.325816150827147e-07,0.9999778568148217
3.076025420358556e-12,0.9988803547684898,0.0011196452284341503
0.9960689689359282,1.4582079857309579e-19,0.0039310310640716635
0.0002989799204150691,7.64570066037309e-06,0.9996933743789245
5.783509561190466e-05,0.0007793340271176925,0.9991628308772704
0.9972823367503928,5.625071721518983e-20,0.002717663249607179
0.9995882122168668,1.3860575432003598e-22,0.0004117877831332209
1.0732932809218227e-06,0.00020645538438023763,0.9997924713223388
1.3399090018583587e-12,0.9891147564705061,0.01088524352815386
2.7365961777629478e-06,7.89052740320945e-06,0.9999893728764191
0.9998860823047394,8.523603107209662e-24,0.00011391769526066188
0.9999999985989676,1.5001247302335862e-36,1.4010323427355075e-09
0.0004012781799741951,2.303144926854229e-06,0.999596418675099
1.0782489394147602e-08,0.8929063024127791,0.10709368680473133
1.5164562574231346e-11,0.9984953251904656,0.0015046747943700057
0.9993821541488098,1.798276105812406e-21,0.0006178458511901377
7.573305701651364e-06,3.548817217541299e-05,0.9999569385221231
0.999999991111609,7.492225618710536e-35,8.888391093691468e-09
0.0001036236616015636,4.1901210555387504e-09,0.9998963721482774
3.7770484058497034e-05,3.606788961984443e-08,0.9999621934480519
0.9955643622380923,2.2670294905530727e-19,0.004435637761907661
0.9999999994103623,1.6048776929904116e-37,5.896376569211503e-10
8.273333680431696e-11,0.8912477062441644,0.10875229367310243
1.0777643483558078e-05,0.00523349275733122,0.9947557295991852
4.382045111950497e-19,0.9999993722509121,6.277490878487779e-07
0.999999890439593,2.837337181504077e-31,1.0956040688671882e-07
0.999999999980641,1.8800583906859597e-41,1.9358998769691432e-11
7.206575747578713e-08,0.0063473256624846045,0.993652602271758
9.432009999625925e-07,0.05010627353176739,0.9498927832672326
1.3221475409744964e-08,0.9090675430584056,0.090932443720119
0.9997799912289694,5.697316809321946e-23,0.0002200087710305118
0.995829470392951,1.6338547048502657e-19,0.004170529607048943
3.2410986387758127e-21,0.9999999986505814,1.349418498394561e-09
0.9999818615366812,9.358453319065638e-26,1.813846331883795e-05
1.891234263699172e-20,0.9999998538554067,1.4614459332718519e-07
0.9999999993630435,5.297586047744726e-37,6.369564411635708e-10
3.704709796446222e-05,1.4206734186396433e-07,0.9999628108346936
5.7284247729964645e-06,1.7334731763937172e-05,0.9999769368434631
3.6927980034845545e-11,0.9159227444848326,0.08407725547823942
2.6552299051463325e-06,1.1282232255346765e-05,0.9999860625378395
0.9991840530239456,4.622015699229163e-21,0.000815946976054401
4.869754886396822e-11,0.9934015577849782,0.006598442166324291
6.29648371774383e-05,8.497744432211139e-08,0.9999369501853782
1.0747686416820403e-28,0.9999999999999818,1.8145540333528297e-14
0.9990157397169779,5.5072863476063236e-21,0.0009842602830220822
1.7973282995089395e-06,1.0283959877984476e-05,0.9999879187118224
4.073091923161864e-11,0.9966119967565403,0.0033880032027288286
4.2744941868018535e-17,0.9999992055533594,7.944466405357569e-07
1.7091633394350142e-09,0.9772570620493073,0.02274293624152926
3.969677554625677e-05,1.8413901089313726e-07,0.9999601190854428
2.2345402493934135e-22,0.9999999998409148,1.590852836666262e-10
4.935604947671727e-21,0.9999999971818805,2.8181195674779335e-09
0.9999999974683442,4.460402442023642e-36,2.5316556847454546e-09
8.154712353957959e-16,0.9999724351768129,2.7564823186301092e-05
4.96633875052908e-06,1.1123257676628618e-06,0.9999939213354817
0.9998260374767478,6.03178977317562e-23,0.0001739625232521113
0.9998859452046218,9.588450225991698e-23,0.00011405479537829089
6.8734394653669354e-18,0.9999952908235779,4.709176422132686e-06
3.8991996306864736e-25,0.999999999996559,3.4410307655810854e-12
0.0006043991545245514,7.238619688207551e-09,0.9993955936068558
0.9999636108664263,5.011265030602776e-25,3.63891335737037e-05
0.9999994702258574,3.793234785824377e-29,5.297741425047143e-07
5.324353440240543e-06,0.016487929094133668,0.9835067465524262
0.999999998755789,4.90736253631109e-36,1.244211029681899e-09
0.9999996903916893,8.348975511571313e-30,3.0960831052542014e-07
0.9999988599997369,8.925515263718664e-29,1.1400002632055218e-06
0.9931869772522806,5.628376560026576e-19,0.0068130227477194785
0.9999096877343944,8.122077973072315e-24,9.031226560575439e-05
0.9999999973900713,7.26776176878183e-35,2.6099286716015168e-09
4.984340765101763e-22,0.9999999992433226,7.566773231512721e-10
6.728387825779773e-23,0.9999999998632281,1.3677194059395052e-10
1.7153577068748814e-10,0.9933955811831121,0.006604418645352134
3.0210368645543437e-05,2.683456526485461e-07,0.9999695212857017
4.0398989469435766e-14,0.9999812855855983,1.871441436126634e-05
0.9999999995731408,5.513805171257319e-38,4.268591821085236e-10
1.144074179844583e-31,0.9999999999999993,6.368593455495855e-16
0.9999999913514598,1.8557076438080903e-34,8.648540272795455e-09
0.9999999986128605,7.274274727557402e-36,1.3871394307269033e-09
2.9060723305423e-06,3.793415384132467e-05,0.9999591597738282
2.5747996653511588e-12,0.968719250976253,0.03128074902117225
0.9999802819643864,3.8739197740080577e-25,1.97180356135496e-05
1.3103345793849961e-06,0.00016621097049805716,0.9998324786949224
1.3786762143577512e-05,3.733647209678027e-07,0.9999858398731354
1.414574513492715e-15,0.999995891701471,4.1082985276358214e-06
6.632783055342523e-07,0.11900379769074143,0.8809955390309531
0.0021389985435417186,2.6523346418886064e-10,0.9978610011912248
2.254605338814313e-05,3.915171631891409e-08,0.9999774147948955
0.00010653488211704691,9.529153853130253e-05,0.9997981735793516
4.1299072118494913e-07,0.0001626979342022889,0.9998368890750766
2.4494721564510368e-08,0.08255583536788241,0.917444140137396
0.9999776025010598,4.99003735012639e-25,2.239749894016102e-05
0.999849977545014,1.066026597491174e-21,0.00015002245498598688
0.9999999405631921,3.3766782263385133e-32,5.94368079919098e-08
0.9999999127568769,4.338903884414135e-31,8.724312309511807e-08
0.999349909122425,5.910919560703189e-22,0.0006500908775750002
4.4786128101250885e-13,0.9999018021265573,9.819787299485529e-05
6.307499538042777e-32,0.9999999999999996,3.560373362274378e-16
0.999999999967071,4.685062703276519e-40,3.292897132982476e-11
0.0015008571200539995,3.2560896937111154e-09,0.9984991396238563
0.9999999798834445,6.965895371320699e-34,2.0116555519985375e-08
7.968456268226698e-05,9.415784511369609e-08,0.9999202212794726
0.9999999999529294,5.159438549190423e-40,4.7070564972721776e-11
7.885956234119433e-28,0.9999999999998819,1.180489665286536e-13
5.352690586491124e-19,0.9999999710003449,2.8999655149090426e-08
6.22037205370314e-06,7.485756414526104e-06,0.9999862938715317
0.9999952243263909,7.163940987571259e-27,4.775673609233966e-06
0.00015247922925534392,0.0008221623605128281,0.9990253584102319
5.928180988181094e-15,0.9996271762433999,0.0003728237565940721
0.9999999987146206,5.703915278645403e-37,1.2853793889486203e-09
0.9999998154170949,4.501503594882944e-31,1.845829051538731e-07
0.00028060299734638405,3.738722729034851e-09,0.9997193932639309
4.710811562798241e-17,0.999976343743483,2.365625651689748e-05
1.5772404542480722e-12,0.9996998314532081,0.0003001685452148454
0.9999999915900343,1.288865621799719e-35,8.40996566367076e-09
9.965792388995705e-22,0.9999999830845704,1.6915429692891914e-08
1.0836412216334046e-05,7.830428641317252e-06,0.9999813331591423
7.155212770800727e-08,0.009619711487523379,0.990380216960349
4.70484970665858e-27,0.9999999999994471,5.529651071903908e-13
0.9998522218953584,2.6114366430946888e-23,0.00014777810464177115
4.77030875870959e-14,0.9999524647794198,4.753522053256379e-05
9.571184252456172e-10,0.9759990827017242,0.024000916341157398
5.390352388164153e-08,0.740458125545682,0.2595418205507941
0.00018814075199579083,2.3465784986165635e-09,0.9998118569014258
6.231281556677813e-20,0.9999999951921181,4.807881895470251e-09
7.375373262511142e-19,0.9999999279274702,7.207252976783334e-08
0.04720169534318999,3.114841235955641e-12,0.9527983046536952
0.9999999997904536,6.943180065282275e-38,2.0954632410029675e-10
0.9999998105140943,6.980231174814975e-31,1.89485905673926e-07
0.0020351137268235326,5.4300705703795666e-11,0.9979648862188759
0.9999999999951925,3.840416139353069e-43,4.80744925298295e-12
0.9999999998602349,8.412867322736006e-39,1.3976512185620102e-10
6.013053105312665e-19,0.9999999557738541,4.4226145906896655e-08
2.114491241298321e-06,3.7393780618333234e-06,0.9999941461306968
0.9999656730169623,7.993407749843354e-25,3.432698303775069e-05
3.1360692411675447e-24,0.9999999989552495,1.0447505322418005e-09
4.407431730031976e-05,4.6509108467292586e-07,0.999955460591615
1.7692207254486118e-05,0.0010253306252738213,0.9989569771674717
1.0649828255198708e-20,0.9999999977501866,2.249813374642424e-09
0.9999999999748033,3.6960517042748357e-41,2.5196699266741826e-11
2.294230932396298e-28,0.9999999999999267,7.328521561146135e-14
3.907629795431733e-12,0.9992475164802526,0.0007524835158396978
4.775567294030788e-08,0.004038890491150944,0.9959610617531761
6.512219596036318e-12,0.9990538417905908,0.0009461582028971662
3.6616574838225105e-14,0.9999576440559419,4.2355944021501e-05
3.606206270732124e-05,6.146722716738016e-08,0.9999638764700656
9.779202784283134e-29,0.9999999999999645,3.5580569803124195e-14
1.6738525231547646e-14,0.9992980388049173,0.0007019611950660696
0.0015841776516879065,1.0125055267608498e-09,0.9984158213358065
2.124599156117568e-25,0.9999999999960181,3.981877339727544e-12
1.1236964784533138e-16,0.99999826898852,1.7310114798144781e-06
1.81409648040152e-12,0.999561834366647,0.00043816563153883573
1.1287727931704468e-20,0.9999999958033532,4.1966467398357305e-09
1.6198642218327768e-18,0.9999976326435254,2.3673564745868383e-06
1.099860280252588e-08,0.03305787281841072,0.9669421161829865
0.9999999999929079,3.958862665169034e-42,7.092154065589993e-12
0.00012676534256521663,8.673914955217418e-08,0.9998731479182852
0.9953244472103676,3.293140882320985e-19,0.004675552789632425
0.05495789476717926,5.859468937308117e-12,0.9450421052269614
0.0010152014570166757,9.903055734123087e-11,0.9989847984439528
0.9999987725749473,1.426957750837197e-28,1.227425052633538e-06
4.4137248760271754e-10,0.9866680790058826,0.013331920552744755
0.99999999999334,5.819695695524143e-42,6.6601125109723624e-12
4.165994292737117e-06,0.08440063899626711,0.9155951950094402
3.689812663800083e-07,0.3281072834324731,0.6718923475862605
0.0015013649850467614,2.4575141457962444e-09,0.9984986325574391
0.9999999999975868,5.414677664378314e-43,2.4132109844046547e-12
2.2267920720530907e-32,0.9999999999999998,1.9665392634989724e-16
8.554006679648444e-16,0.9999980997031463,1.9002968526373326e-06
0.9999999984689245,3.784590948898902e-37,1.5310755004012995e-09
1.2415050043485683e-06,9.826727048068029e-05,0.999900491224515
0.9994005343263743,5.324138793913714e-22,0.0005994656736256969
0.9927310844143516,2.1659272178993218e-19,0.007268915585648335
0.9998985571254306,1.5428263585921342e-23,0.00010144287456937742
0.9999999978472385,1.4101797032826786e-36,2.1527616206253023e-09
4.1599679281320378e-22,0.999999999478735,5.212649776484784e-10
0.9999995942761951,4.414475674844634e-30,4.057238049512286e-07
3.3554122050765885e-07,0.0007063362495557643,0.9992933282092237
0.003903450641519624,1.3775933245232754e-06,0.9960951717651558
0.999999109830113,2.3913136106520603e-29,8.901698869505533e-07
0.0004207216743532665,3.1888320962479105e-05,0.9995473900046843
1.6767429499078552e-05,2.9970727011465536e-07,0.9999829328632308
1.956836701486336e-05,1.7897936963874763e-06,0.9999786418392888
3.100516768927925e-05,3.52974045547102e-07,0.9999686418582652
2.0296815133831222e-27,0.9999999999997697,2.3016309680233303e-13
0.9999999652555366,9.694858568171701e-29,3.474446341896283e-08
0.9999872930895747,4.031459969753312e-26,1.2706910425220823e-05
3.85944920883119e-07,0.5850926638030995,0.41490695025197954
0.999999999995905,3.2787136733208777e-43,4.095041964583484e-12
0.9999969466680075,2.9423599843282814e-26,3.0533319924565834e-06
0.9999999999996909,1.6358331654685394e-44,3.0909082545512995e-13
0.0001323188578403717,1.2435192540710947e-08,0.9998676687069672
0.9999319448298116,1.0014857813091106e-24,6.805517018827585e-05
8.109945018681088e-07,9.370016085874447e-06,0.9999898189894124
3.771815076631419e-07,0.0019667039263426287,0.9980329188921496
5.428812902499021e-06,3.94814799664638e-05,0.999955089707131
4.702642560096911e-29,0.9999999999999749,2.50179279131791e-14
1.6903905208405454e-12,0.9826252776210744,0.017374722377235384
2.062320627870584e-09,0.9742113691340796,0.0257886288035997
0.9999999997139997,4.3087147135469546e-38,2.860003119300693e-10
6.680678716383459e-05,2.7166859403998233e-08,0.9999331660459768
1.1295815376415807e-20,0.9999999972800924,2.7199076596590687e-09
6.819990248007688e-18,0.9999997433346327,2.566653673411726e-07
9.349625538286967e-06,8.482514664863918e-07,0.9999898021229953
9.461568800605493e-06,4.678112523525521e-07,0.9999900706199472
4.401367263635227e-22,0.9999999996106155,3.893845941246834e-10
8.608503992997255e-06,3.921899556659696e-07,0.9999909993060514
0.0005736603500824407,2.0935467057315707e-10,0.9994263394405629
2.3798716708089023e-08,0.01752661200875439,0.982473364192529
3.6315645977039627e-32,0.9999999999999998,2.4657774447560355e-16
2.1786298135556483e-18,0.999999894620484,1.0537951607457356e-07
0.9849706367239285,2.2778646409717106e-18,0.01502936327607144
0.9870358714763132,2.2750248877318555e-18,0.012964128523686785
0.999987587309503,3.6691760714889636e-27,1.2412690497067155e-05
0.005819114653079597,4.304414120342252e-11,0.9941808853038762
0.9999999993046638,1.3844400913338136e-37,6.953362261768142e-10
3.1953835984105118e-09,0.22733262309934274,0.7726673737052737
0.9997982032908985,1.369770022269776e-22,0.00020179670910140066
1.8807341474377588e-06,0.05028584880246993,0.9497122704633827
0.0005345876905128755,2.395360779569596e-10,0.999465412069951
4.9467483446508724e-06,1.5114890426502283e-05,0.9999799383612289
0.9999951617625364,2.007545964068685e-27,4.8382374634460354e-06
0.9644083281087826,6.013568433870653e-17,0.035591671891217355
0.00020387389917636385,3.757090548957007e-09,0.999796122343733
0.9947274365561907,1.693341063973716e-19,0.005272563443809383
0.9999992545655091,3.0941140289817084e-29,7.454344909354645e-07
5.0412479776618624e-27,0.9999999999851881,1.4811995395622644e-11
3.4342829265747205e-23,0.9999999999336107,6.63893037736385e-11
0.00010294917367728328,0.0001206785003699222,0.9997763723259527
1.1853082426369066e-14,0.9990564010542886,0.0009435989456995252
0.0009400346137021885,3.6648799076741986e-09,0.999059961721418
0.9999999993556419,1.0792326186023188e-37,6.443580641226413e-10
9.605883794231465e-05,7.962690187525774e-09,0.9999039331993674
2.521495450096765e-22,0.9999999941714757,5.828524242548981e-09
0.9999787115716481,8.662559474304294e-25,2.1288428351878727e-05
0.9561815515444608,2.105513625379227e-15,0.04381844845553703
1.4112451094623074e-06,0.18117516095509675,0.8188234277997938
9.186490117688222e-06,5.7845928813997195e-06,0.9999850289170009
0.9999999999955513,1.2235835393751184e-42,4.448651038107301e-12
1.9361336330091598e-05,1.3330709358346543e-06,0.9999793055927341
0.9999999999970572,3.0798171626146536e-43,2.9427945280962513e-12
0.9999999968964528,9.059838515904367e-36,3.1035472302803356e-09
0.9688436433657914,8.506332876746485e-18,0.03115635663420861
0.0052339904873027615,1.9843509596123741e-10,0.9947660093142622
4.643780098914404e-16,0.9999621164012832,3.7883598716289806e-05
0.9999874689065934,5.073508308804379e-26,1.2531093406532077e-05
1.4277491675100736e-06,2.4813889988373005e-05,0.999973758360844
1.4076093580600857e-26,0.9999999999993889,6.111026974094297e-13
3.549371331962408e-24,0.9999999999947415,5.258438005038492e-12
0.9940471199281935,8.67199777503901e-19,0.005952880071806465
5.30360494882971e-18,0.9999951680609549,4.8319390451691765e-06
2.1529325143104962e-14,0.9986887291750927,0.0013112708248857585
0.0026183569842183865,5.77206215300534e-10,0.9973816424385754
0.9937652824079941,4.989578986554425e-19,0.006234717592005934
0.9999999999866744,9.850798113525958e-41,1.3325524471087726e-11
0.0002528693779353,9.773450777783491e-09,0.9997471208486138
0.9995515586026398,1.5343119936353522e-22,0.00044844139736030514
0.0004930701388184875,3.0254333960134264e-09,0.999506926835748
6.336338183716629e-18,0.9999996809547723,3.190452276693297e-07
4.067290411122404e-17,0.9999988373014458,1.1626985543426722e-06
6.861127021086034e-25,0.9999999999921261,7.873841737184795e-12
0.002644939413597931,3.5905926754738814e-10,0.9973550602273429
0.9999964961740127,1.4444095012486992e-27,3.5038259872980753e-06
0.9999999999917257,4.2153702211455525e-42,8.27416411952679e-12
8.533241487916632e-05,1.2359297285726875e-08,0.9999146552258235
4.9194759995154986e-23,0.9999999998729789,1.27020981509292e-10
0.9999995773489555,4.9182135546248107e-29,4.226510445638595e-07
2.134360755229346e-06,0.00025190214011625413,0.9997459634991285
1.3761865717256437e-16,0.9999992209295284,7.790704714030445e-07
0.9999906141765452,3.0958111670127218e-27,9.38582345474137e-06
0.9999999141151881,2.346505147483527e-32,8.588481192358951e-08
0.8853351873689269,5.695645959563258e-16,0.11466481263107259
6.893854989258456e-13,0.9869710654536635,0.013028934545646948
0.9999999981619463,3.627632060204868e-35,1.8380537065018621e-09
4.9409144122570156e-08,0.6038184460520756,0.3961815045387803
5.128295778064121e-05,7.292984172564782e-08,0.9999486441123775
1.5698928437646705e-11,0.9851489699735314,0.014851030010769409
0.9999680179365553,1.4447010917731624e-24,3.198206344476689e-05
1.9637422525865534e-10,0.9804306276952577,0.01956937210836823
0.9581222932042006,2.9195265964664765e-17,0.04187770679579936
0.999999999487239,4.847105804688116e-38,5.127608529498691e-10
5.912896563076468e-05,0.000463542018810583,0.9994773290155586
1.5699131299419326e-14,0.9999675067401587,3.2493259825501665e-05
2.9752419010038778e-08,0.024744001235501002,0.9752559690120801
0.9999999327016428,1.0473472847902435e-31,6.729835726169392e-08
4.532906744266153e-22,0.9999999738640879,2.6135912060197832e-08
0.9999869404084456,3.4152052152849613e-25,1.3059591554432387e-05
1.5533409076948973e-09,0.9590079098758441,0.04099208857081513
1.271754632130046e-07,0.0011355648120487244,0.998864308012488
2.2388441207015766e-29,0.9999999999999836,1.65075732580287e-14
0.0031308191107691464,3.171440876552519e-10,0.9968691805720868
2.4476918959043818e-27,0.9999999999914566,8.543291296111116e-12
0.9992646841461461,7.95968955523863e-21,0.0007353158538538518
0.9985656651749594,1.2397219090116044e-20,0.0014343348250406853
5.54759163068004e-17,0.9999994672381599,5.327618401655436e-07
0.9999999988139496,2.5973083940618718e-36,1.1860504758688618e-09
0.999999993545367,5.101295871413026e-35,6.45463298781994e-09
0.9999999706325677,7.63669236818394e-33,2.9367432213591732e-08
0.016133446475744054,3.0765873678095753e-11,0.9838665534934901
4.117520316328937e-16,0.9999981537366575,1.8462633420442888e-06
1.05487069435692e-05,1.2545895424774032e-06,0.999988196703514
0.00010264270629408687,0.0001876688723372686,0.9997096884213686
1.815992912876205e-06,0.08343231687145398,0.9165658671356331
0.9999953518695324,2.5965430300739825e-27,4.648130467627858e-06
0.002265581928300319,9.524937237482982e-11,0.9977344179764503
0.00020718866550477002,1.237152433683878e-07,0.9997926876192518
0.9984694949789127,7.857729117556444e-21,0.0015305050210873544
0.9999999999404645,1.0427879219450133e-39,5.953545246246375e-11
1.4157702707522486e-26,0.9999999999993958,6.042602700825633e-13
9.99186197942246e-06,1.9238349447364213e-06,0.999988084303076
3.8106552681189516e-13,0.9936467522142554,0.00635324778536368
5.7813218522200814e-09,0.9721054280409289,0.02789456617774923
0.9985769542479845,4.490329759510175e-20,0.0014230457520155453
3.910359694457247e-06,5.706785835456692e-06,0.99999038285447
2.0842155852938486e-29,0.9999999999996501,3.4996057016251675e-13
1.5597482096603406e-24,0.9999999999956368,4.363213235751839e-12
0.9999998153644546,2.7338159227810894e-31,1.8463554533385992e-07
0.9999136625069212,3.8879435076302475e-23,8.633749307891023e-05
3.142368283288021e-15,0.9999900578547233,9.942145273670839e-06
1.6541194300773255e-05,0.0018772098183037207,0.9981062489873955
1.6880863176824388e-08,0.8416737426013079,0.15832624051782904
1.5017039038667634e-13,0.9999500215035719,4.997849627798727e-05
5.061301092528267e-13,0.9997576513742392,0.0002423486252546503
8.632229868716865e-08,0.454967102625622,0.5450328110520793
0.9999405121163076,1.0595396000898436e-23,5.948788369248869e-05
0.9997806184393013,1.541193806737055e-22,0.00021938156069873816
0.9992386716828968,2.3366055510846198e-21,0.0007613283171031436
4.104603814394859e-09,0.8796574713823092,0.12034252451308693
0.9999999971583649,8.67589116095334e-36,2.841635066584161e-09
4.0760926855906176e-05,2.2378942730177503e-07,0.9999590152837168
0.0008703592875098987,5.188283615196248e-10,0.9991296401936617
0.9999999999956324,1.5937310612525404e-42,4.3675691059478786e-12
0.9842847804382258,5.695984114593924e-18,0.01571521956177433
0.9999999999979872,3.3841867240243204e-43,2.0127657263460394e-12
4.39153397822865e-05,1.979269214801407e-07,0.9999558867332963
1.0178157108476445e-13,0.9999346426746275,6.535732527074424e-05
2.192525375051586e-14,0.9999513331150617,4.86668849164259e-05
8.439430014745275e-06,0.009464521068586978,0.9905270395013983
0.9999999169538509,6.759460530963205e-32,8.304614897000333e-08
6.753985659862356e-28,0.9999999999999531,4.6758213032401636e-14
6.539559396816758e-08,0.0033565250201047342,0.9966434095843014
0.00010696069638802418,4.877719305460607e-07,0.9998925515316813
1.306537504892537e-17,0.999984792088235,1.5207911765087342e-05
0.9999999999976419,3.971691209524179e-43,2.3582154087961653e-12
8.98884050097032e-16,0.9997812307727825,0.00021876922721659307
0.001221643656737619,1.1651489330776674e-08,0.9987783446917731
0.9999999999962506,5.7926297337509596e-43,3.7493442575197555e-12
0.9952890800211049,5.53058560994392e-20,0.004710919978895081
0.00032894831907741084,1.068118124128618e-09,0.9996710506128044
1.0777687997798347e-05,1.8291997797292468e-06,0.9999873931122224
0.9999999984541277,5.3106904113913854e-36,1.5458723029869852e-09
2.5723781546762726e-07,0.00019341567587220893,0.9998063270863123
9.340503688311019e-07,0.00012996682066427164,0.9998690991289669
8.863232781078874e-08,0.5407698090004605,0.4592301023672118
0.0012154714719363878,1.5547038829041962e-10,0.9987845283725931
3.842465676085356e-09,0.9566309010465492,0.04336909511098518
0.9999947056179644,5.589089488997721e-27,5.294382035466392e-06
0.999999847993589,4.3700071064538515e-31,1.5200641101861575e-07
0.9999974848289257,6.17647354009751e-28,2.5151710743025606e-06
2.865248666468135e-17,0.9999996910291871,3.0897081292719347e-07
0.00018687607572267327,1.778997045282347e-08,0.9998131061343069
4.320284816313285e-31,0.9999999999999991,9.299609444463199e-16
1.982964443452007e-05,1.1080810187471972e-06,0.9999790622745468
2.388508508396028e-20,0.9999999957570254,4.2429745167388505e-09
0.0014893671309267064,1.3334952582302857e-10,0.9985106327357238
0.9999045269600729,9.029755399431741e-24,9.54730399269884e-05
5.62664120087891e-07,0.00038477619911711074,0.9996146611367629
0.9999999999137228,1.3230787447844e-39,8.627715674878024e-11
0.0004658988019475432,7.241758342246765e-10,0.9995341004738766
0.004558938547565286,9.214050619914903e-11,0.9954410613602941
3.0214603002662556e-17,0.9999995382537936,4.617462063463997e-07
1.8865870594166e-06,2.2327949572093817e-06,0.9999958806179835
0.9999992690425682,1.4112570732712407e-29,7.309574318705567e-07
3.818992968150439e-05,5.143602742850275e-07,0.9999612957100442
4.113900376399304e-08,0.02321469207385853,0.9767852667871376
4.892998112786165e-16,0.9999979003903744,2.0996096251968283e-06
1.410586813332456e-07,0.000319800124177994,0.9996800588171407
0.9539147190920183,1.0119432617522512e-16,0.04608528090798161
9.11632736709114e-32,0.9999999999999998,2.4720238737708597e-16
2.902233903210079e-12,0.999292377864766,0.0007076221323317421
0.999999999997254,2.9699781381967902e-43,2.746010591129305e-12
0.9999999998641524,1.737627121543711e-38,1.358475517261924e-10
2.2500487453798386e-09,0.97223601316203,0.027763984587921377
0.9999999390767028,8.044885174257242e-32,6.092329710453632e-08
2.4812164541287828e-15,0.9999922897532153,7.710246782190964e-06
3.404696839062168e-05,5.31772396087611e-07,0.9999654212592133
0.9998125489124828,2.4957028113505373e-23,0.0001874510875170971
2.924325868637944e-14,0.9998009595252737,0.00019904047469693743
0.9999985587423035,6.659563105153184e-29,1.4412576964594094e-06
6.651752570920505e-05,5.245263547767359e-08,0.9999334300216552
0.9999892154693382,5.850578207708697e-26,1.0784530661930043e-05
1.1608106857681239e-05,9.255643808088384e-07,0.9999874663287615
1.3718351119898362e-13,0.9999571193752539,4.288062460891737e-05
2.3394835214374485e-11,0.9980358466603723,0.0019641533162328747
0.00013313304868728583,9.192160607596259e-05,0.9997749453452367
1.1155364407280674e-19,0.9999999884941128,1.1505887159983701e-08
3.142278624209085e-15,0.999993214905625,6.785094371853965e-06
0.9999999978634466,4.0571618085795595e-36,2.1365533185140874e-09
0.9999999999969751,5.7459080436357095e-43,3.024973157811559e-12
0.9999996543185907,1.7273641504220157e-30,3.4568140928437076e-07
0.005279647366420438,3.3213729574646244e-07,0.9947200204962839
0.9999989698964697,4.33986842088232e-29,1.0301035302970638e-06
8.137107886438538e-14,0.998067703977492,0.0019322960224265231
3.8599677228390016e-19,0.9999993270031731,6.729968269370864e-07
4.919556543048098e-16,0.9999977742816211,2.2257183783894176e-06
3.834141420855629e-05,1.8933836644229318e-07,0.9999614692474249
0.9999994616266993,5.101605556910249e-29,5.383733008237539e-07
7.162868395084192e-21,0.9999999966566309,3.34336908848317e-09
9.623280898011801e-05,2.472079879231696e-05,0.9998790463922275
7.470742984824938e-20,0.999999986848769,1.3151231083071033e-08
9.917378017454814e-23,0.9999999998263926,1.7360743388280256e-10
0.9999814067657338,2.55526337229616e-25,1.8593234266124504e-05
0.00021860515405787691,6.77097521183718e-08,0.9997813271361901
2.6868986471124575e-08,0.004673906178094981,0.9953260669529185
8.441436731091527e-05,6.819657050864676e-09,0.9999155788130321
0.40157947420593393,9.036416784467763e-11,0.598420525703702
0.9999999968114128,3.154211452918866e-36,3.1885871501454274e-09
2.248304214250321e-15,0.9999947700111999,5.229988797875548e-06
0.0007927334744495128,2.2748998310546746e-06,0.9992049916257195
0.9998559042758551,1.8248251383253383e-22,0.00014409572414488892
0.00029002164863562336,2.1710350954989737e-09,0.9997099761803293
7.779462746549373e-23,0.9999999999179057,8.209439978132883e-11
1.3542011292067186e-11,0.9990879768560997,0.0009120231303582444
1.0471847121480289e-26,0.9999999999995033,4.967690591875841e-13
0.0017026145461012756,1.7134628253905985e-09,0.9982973837404359
5.347308669721554e-17,0.9999996644754585,3.3552454143503806e-07
0.00018609628062840283,2.661616436402177e-08,0.9998138771032073
0.0016528795109560061,4.698964528219254e-08,0.9983470734993988
0.9929711929562651,1.9002580920255302e-18,0.007028807043734843
0.9999993616279069,6.503753779975875e-30,6.383720932168029e-07
2.3724998737378287e-21,0.999999999204457,7.955429903299646e-10
0.9981668172551619,2.2870397499010142e-20,0.0018331827448380268
8.431024886035728e-08,0.03933232167265984,0.9606675940170912
8.364259634427811e-13,0.9995924209385983,0.000407579060565371
1.028160513416987e-19,0.9999999917255257,8.27447434623077e-09
0.9998773334964549,3.9073877725612144e-23,0.00012266650354522104
0.9986640794233177,2.222358651397395e-20,0.0013359205766824338
0.9972715287234531,1.444118040595846e-19,0.002728471276546749
4.764838947084123e-10,0.9879112268173478,0.012088772706168375
1.4548878243593553e-12,0.9998054521028653,0.00019454789567975532
0.998682623088447,8.219443840435499e-21,0.0013173769115529912
0.9995028462668017,1.2083085743138497e-21,0.0004971537331983251
0.9999944237599766,4.7056673409797494e-27,5.57624002327869e-06
6.721464695338212e-11,0.9958654308690521,0.004134569063733251
6.922686117431683e-19,0.9999999083539091,9.164609086608091e-08
0.9998111645012986,1.582688081478115e-23,0.00018883549870147691
2.1286325948561194e-33,1.0,7.663756742181864e-17
0.9875851526747522,9.750616119836465e-18,0.012414847325247757
6.155734714731985e-08,0.6469041168106346,0.353095821632018
4.089631445023945e-06,0.026031767220253018,0.9739641431483019
1.9043150088470444e-05,1.9262140623711264e-07,0.9999807642285052
3.600531912821405e-05,0.0002154088369641692,0.9997485858439076
0.00020939623405384297,3.4592174396454503e-09,0.9997906003067287
2.5444906768350927e-20,0.9999999965781956,3.4218043035242258e-09
0.012202207485633821,5.270901379181647e-11,0.9877977924616571
0.9999999996872309,1.4314713992588666e-37,3.127692449923999e-10
0.9964019525956981,4.406047006363124e-19,0.0035980474043018503
2.18716306944346e-25,0.999999999993628,6.3720970620295546e-12
0.000216891630178972,2.4877842471543925e-05,0.9997582305273494
8.487337965709456e-20,0.9999999943769136,5.623086515629267e-09
1.4669213335660216e-10,0.9931998652645364,0.006800134588771315
0.9999999987960597,5.144723079773978e-37,1.2039403817758154e-09
0.999999999724565,2.1768025909209052e-38,2.7543497250487667e-10
6.747636231083269e-12,0.9989699452055301,0.0010300547877224574
7.702442009978337e-12,0.9989081730851658,0.0010918269071316876
2.1835145369833876e-06,2.913821169637805e-06,0.9999949026642934
5.491301303012506e-13,0.999883248813207,0.00011675118624379824
0.9999927273725728,1.6654798745921096e-26,7.272627427237917e-06
0.9999999994042348,3.919752198823704e-37,5.957652428056082e-10
5.147285421083562e-06,0.006899946935882556,0.9930949057786963
3.597467913268592e-15,0.9999947638119646,5.236188031767275e-06
0.9999603894071513,2.3836976925404863e-24,3.961059284872269e-05
0.9999970092247618,5.210306723822089e-28,2.9907752382200223e-06
0.9869711985474531,3.4861442758777375e-18,0.01302880145254695
0.999843019562698,1.5521935668270334e-23,0.00015698043730193135
6.235729146740481e-18,0.9999998917236186,1.0827638150852072e-07
5.719922181592896e-09,0.05985864530943973,0.9401413489706382
1.6720973589028427e-24,0.9999999999868052,1.3194783535459514e-11
0.9999999966792055,7.995015626086283e-36,3.3207944297723526e-09
0.9999925740661545,2.4538616444156076e-26,7.425933845498001e-06
4.410578813208859e-08,0.9612744625066763,0.03872549338753576
4.600515175100262e-15,0.9999783195426442,2.1680457351102735e-05
0.9999844246530142,7.718057209395217e-26,1.5575346985850374e-05
2.1612433798669557e-13,0.9966799082654604,0.0033200917343235016
9.292020360012583e-12,0.9987820355162648,0.0012179644744430246
4.208819706779456e-08,0.009160982068397279,0.9908389758434057
2.5955128894272555e-12,0.9693539885860291,0.030646011411375344
3.020996080595765e-05,1.8173941715222524e-06,0.9999679726450226
0.9999801677146674,3.8796896478137247e-25,1.9832285332584175e-05
0.003277599879702565,1.4553157602153905e-11,0.9967224001057443
5.726559059716427e-13,0.9896936827189586,0.01030631728046872
2.683559570296954e-05,6.335643809270975e-07,0.9999725308399161
0.02222501628045731,3.419592341066397e-12,0.9777749837161231
0.998973344621185,1.104348132025977e-20,0.0010266553788149677
2.0857628741024297e-12,0.9820635102369757,0.017936489760938572
3.449152132163901e-15,0.999996477754183,3.5222458134545937e-06
2.343237307639061e-19,0.9999999765500308,2.3449969158511243e-08
4.69512297517371e-21,0.9999999524333529,4.756664710257434e-08
1.7336837961945457e-13,0.997631080874307,0.0023689191255195294
1.314959307860223e-05,1.0343219768870954e-06,0.9999858160849445
3.0381551700747606e-06,8.36812988462373e-06,0.9999885937149453
0.0002024299035713685,8.478492370212774e-09,0.9997975616179362
0.9999999983404944,2.2332615557650688e-36,1.6595056695493435e-09
2.995344336530577e-09,0.9699682736784236,0.030031723326231986
0.9999993482530907,3.8204661829660985e-29,6.517469092579308e-07
0.9999999999851164,2.381563837735517e-41,1.4883561884569462e-11
0.9999999986006087,7.600235050980716e-37,1.399391360864951e-09
2.8603875537188455e-24,0.9999999999900817,9.918238739786897e-12
1.710951909287422e-09,0.9736913054632544,0.026308692825793695
4.228751940065226e-27,0.9999999999997655,2.3450462684216046e-13
0.99823428091973,4.685988242682146e-20,0.0017657190802700421
0.983983040340222,1.5281218044240452e-17,0.016016959659778004
0.00017759459885996685,7.096178945101134e-05,0.9997514436116889
0.00011538091054017186,4.417300878199002e-08,0.999884574916451
0.0017359544681922673,5.138425393222001e-10,0.9982640450179653
0.9999999688582141,1.86996578187761e-33,3.114178605084926e-08
0.9999995902181831,3.1237430434784194e-30,4.0978181679291535e-07
9.778597621021485e-07,9.855141198670769e-05,0.9999004707282512
1.5183473955267685e-19,0.9999999700773876,2.992261231531695e-08
6.270382860062281e-31,0.9999999999999987,1.2939649656378602e-15
0.9999999997779059,1.9434528701674111e-38,2.2209403209115704e-10
0.9999999958463146,3.1034713374998565e-34,4.1536853232184404e-09
6.984530551603864e-06,1.5637838518627318e-05,0.9999773776309299
7.614558223997551e-32,0.9999999999999998,2.5652932246414324e-16
4.9208345591362394e-20,0.9999999937315742,6.268425773240982e-09
0.9999933135095193,4.273122951415072e-27,6.686490480703175e-06
1.1892090720311301e-22,0.9999999996671949,3.328050877202019e-10
0.9999999999441258,1.544244218540067e-40,5.587421459300387e-11
5.873973425301005e-20,0.9999997078145352,2.921854648973797e-07
3.7634590005760944e-10,0.9882545240921015,0.01174547553155258
0.9999999993161297,1.1997987386483516e-37,6.838702878626371e-10
4.999324464139496e-22,0.999999999516509,4.834910842073132e-10
0.02339236475764521,2.0150952335331257e-10,0.9766076350408452
4.0814575632492514e-06,1.0295887104042296e-05,0.9999856226553326
0.9999992866860371,9.154575791225628e-30,7.133139628066287e-07
3.2941788979395266e-05,1.5412539367423021e-07,0.9999669040856269
8.434570400634426e-06,0.0074086796240358565,0.9925828858055635
8.774764695727285e-30,0.9999999999999936,6.469862737882197e-15
1.3693506964141625e-05,1.361056390640829e-06,0.9999849454366453
0.996082217828981,7.719593118716303e-20,0.003917782171019094
0.9999999997809179,2.1792858438462522e-38,2.190821880443532e-10
2.984505503224647e-07,0.005359158526544363,0.9946405430229053
0.9999999999825955,1.235076199311723e-41,1.7404457505480182e-11
0.9992479000987478,5.218827784788097e-22,0.0007520999012522467
6.533362756453268e-06,1.089516992591643e-06,0.9999923771202509
0.9961692479752161,6.334827547002828e-19,0.0038307520247838835
0.9999765690420659,3.5648156928584092e-25,2.3430957934155594e-05
1.442416290406334e-25,0.9999999999981466,1.85350134232394e-12
3.9952710012178556e-10,0.750434629766524,0.2495653698339488
1.8379906315912525e-06,1.2789472133140176e-05,0.9999853725372353
1.3435785173534635e-06,2.7624825987767944e-05,0.9999710315954948
0.9995661320092885,9.546697367062844e-21,0.0004338679907115668
0.9981246359473098,2.744828414704346e-20,0.001875364052690188
0.000661190301790523,2.8682677397326105e-09,0.9993388068299418
0.9999981245729055,2.066234486099404e-28,1.8754270943554704e-06
4.661936701640399e-05,1.3563974922939537e-07,0.9999532449932342
2.2551901319527878e-32,0.9999999999999998,1.2789432489273807e-16
3.8033366303914884e-12,0.9997562386523489,0.0002437613438476935
3.707159289018909e-07,0.00012676209137123668,0.9998728671926997
0.00046449508483379785,2.1833180712590595e-05,0.9995136717344535
1.6104095743468205e-23,0.9999999999295692,7.043072591518453e-11
1.7958604041784218e-15,0.9999939971759593,6.002824038869173e-06
0.9980736495347731,8.488249030382659e-20,0.0019263504652268601
0.9859060457936742,1.055132533921898e-17,0.014093954206325827
0.9999999992701973,1.6386072967931787e-37,7.298025632483629e-10
3.170273596768675e-05,0.0017444049611036493,0.9982238923029286
0.004222479373941439,8.209594472780278e-11,0.9957775205439625
4.406658421611403e-19,0.9999999785364007,2.146359942896265e-08
9.619049589772046e-07,0.0008487067123059081,0.9991503313827351
0.9877066937333091,7.40849690472001e-18,0.012293306266690958
0.9999999988818564,1.5363543475688678e-37,1.118143678983548e-09
0.9999994967508409,2.642199057083053e-30,5.032491591276238e-07
0.983785764286366,3.0690298274225715e-18,0.01621423571363398
2.289147246713311e-13,0.9998537067769516,0.00014629322281948634
2.8999289832874073e-06,0.016105386071471,0.9838917139995457
1.434057891636823e-15,0.9999936493247608,6.350675237817711e-06
0.9983721256624837,1.1320195114114438e-19,0.0016278743375163593
2.9603449280925353e-15,0.9999930092370151,6.99076298215435e-06
0.00032736913191766493,1.3603049615576428e-09,0.9996726295077774
0.9841274624993015,5.0979865070723635e-18,0.0158725375006986
0.9999999879253746,5.2673039779776e-34,1.2074625285107227e-08
0.9999999977004277,8.532055035402097e-36,2.299572371929992e-09
1.102637057459054e-05,3.944113225864156e-07,0.9999885792181028
2.8446000869153878e-27,0.9999999999997418,2.5829933033194714e-13
0.9999999984376369,5.3698989036669794e-36,1.5623631382455833e-09
0.9990069197678472,3.766549588318018e-21,0.000993080232152899
2.7023756906250264e-18,0.9999969835839683,3.0164160317113474e-06
1.9791224789519019e-07,0.6146304618902986,0.38536934019745356
0.9999817597594022,7.436260625346785e-25,1.8240240597729058e-05
8.805879469958112e-16,0.9999965104772782,3.489522720940819e-06
0.013984674798066222,4.781589285827084e-11,0.9860153251541179
0.9995032396030377,1.0874117264255072e-22,0.0004967603969623244
0.003035866189978192,3.69834387903876e-10,0.9969641334401874
0.999997750078071,1.00341491159979e-28,2.2499219289089783e-06
0.9999999329769838,2.707864113693964e-31,6.70230162833739e-08
0.00040386020507145117,5.068695404346224e-09,0.9995961347262332
1.5541082762817838e-16,0.9999564407070602,4.355929293957103e-05
2.2725874127087137e-07,0.19423649198465093,0.8057632807566077
0.9968668043328767,8.141398420232503e-20,0.003133195667123303
2.7779055357869967e-12,0.9790368910576428,0.020963108939579506
1.283377486223968e-11,0.940370137251639,0.05962986273552724
1.0210414912266828e-19,0.999999566496525,4.3350347499423474e-07
0.000108431110391341,8.980489319671756e-08,0.9998914790847155
4.1917834446693444e-32,0.9999999999999998,2.778051756487854e-16
1.5724355930919986e-06,1.4149937277537968e-05,0.9999842776271295
4.009797142366471e-10,0.9832912955725174,0.016708704026502885
2.910600106104969e-06,0.0880878261820002,0.9119092632178938
0.9969951113706454,1.948532190223537e-19,0.0030048886293545123
7.429324103880945e-18,0.9999997875638658,2.12436134088763e-07
0.9999999992999151,1.606563201368445e-37,7.000849773294471e-10
0.06424590503978647,2.3850370885523414e-12,0.9357540949578285
2.3875089457542204e-07,0.001843000237390359,0.9981567610117149
0.00011327501632298771,0.00012023908020836794,0.9997664859034687
3.31387876770598e-05,1.2536400448253743e-06,0.999965607572278
0.000238734789608206,3.066866648818134e-05,0.9997305965439036
2.7831633816589894e-07,0.0026991046547822604,0.9973006170288795
2.8376298952653444e-25,0.999999999991442,8.557994810255886e-12
0.9998374100394809,7.193933306225012e-23,0.0001625899605191896
1.908077505907796e-07,0.4172089964263957,0.5827908127658536
3.507038859232315e-32,0.9999999999999998,2.135195628291208e-16
0.002940496405867563,7.321901579729539e-10,0.9970595028619422
0.9969065458429812,1.5108104702324977e-20,0.003093454157018742
0.9999928397285853,1.190394558859284e-26,7.160271414617255e-06
1.0083728887745151e-06,0.19409048999171166,0.8059085016353995
0.9999999992753201,1.6198365100506207e-37,7.24679894240633e-10
0.00570157438403845,5.048667014081908e-11,0.9942984255654749
0.9999999981858954,4.885740908771757e-36,1.8141045394357492e-09
0.9999999998026055,7.110827905892447e-38,1.9739453649168614e-10
1.46551160364501e-21,0.9999999987732087,1.2267914013960026e-09
0.9999328230750153,6.4434596933333915e-24,6.717692498456978e-05
0.00044246575269651787,1.6382315438340304e-09,0.9995575326090719
0.999857883334614,1.0403874957090609e-22,0.00014211666538590246
0.9999999999938984,1.902123768906814e-42,6.101545579347176e-12
0.0008297265591566419,8.846488826011823e-10,0.9991702725561945
0.00022282130055774192,6.88083501068363e-07,0.9997764906159413
0.0021110065637295586,4.666741224592037e-10,0.9978889929695963
0.9999999990392576,1.6710559508975541e-37,9.607423397331793e-10
2.797916106293471e-19,0.9999999712683779,2.8731621970155165e-08
0.9997242819945846,1.181861058934045e-22,0.0002757180054153505
1.1962838239825555e-15,0.9999961360337288,3.863966269982738e-06
0.9996663821610803,5.575090386058778e-23,0.00033361783891972864
1.8619006526821208e-32,0.9999999999999998,1.379717804326778e-16
4.626794506076605e-20,0.9999997041918054,2.9580819456105325e-07
8.173801514275905e-20,0.9999997806101595,2.1938984059981924e-07
0.00033974250848269955,2.883988791152953e-10,0.9996602572031184
4.0161093727461014e-06,0.08217391212584269,0.9178220717647845
1.701228075610536e-05,2.7695633541007994e-07,0.9999827107629085
2.628581116953629e-09,0.9632611457479634,0.03673885162345557
2.5893137286078405e-07,0.25445921463782123,0.7455405264308059
9.286469304174237e-07,0.012771200828522402,0.9872278705245471
1.8491315956899875e-26,0.9999999999986464,1.3535819516676538e-12
0.0004994264522981965,1.6772608211985105e-09,0.9995005718704411
3.1621216542689345e-21,0.9999999983259702,1.6740297763155724e-09
1.9520632205305237e-05,2.09520588715995e-06,0.9999783841619075
1.4804060096399097e-09,0.9747790488959291,0.025220949623664737
0.9999961450208174,1.4882284623143557e-27,3.854979182532941e-06
7.581011330151792e-05,1.0958055409905015e-08,0.9999241789286429
1.932904408360718e-24,0.999999999983902,1.609793683478564e-11
1.1864582323645858e-24,0.99999999999247,7.529984741306865e-12
8.589530314559981e-05,2.140914438239998e-07,0.9999138906054105
2.398620765259574e-05,1.997725566914001e-07,0.9999758140197906
2.8937526944223057e-10,0.9930725994378167,0.006927400272808154
1.0190756151352713e-07,0.0017398807020648206,0.9982600173903736
1.482078887581161e-07,0.0004752171914667953,0.9995246346006443
8.508417984525929e-15,0.9992239831890368,0.0007760168109547478
0.0006359037099628905,1.0217809294325529e-08,0.9993640860722279
0.9999999999996689,1.7395735699211307e-44,3.3117198400849626e-13
3.4511702321201935e-25,0.9999999999896418,1.035822067744488e-11
0.00018126221834744317,2.825620607446115e-07,0.9998184552195919
0.9913015873768454,7.779116233909086e-19,0.008698412623154735
0.002105837985545218,3.9476584338973e-09,0.9978941580667964
5.092937087162321e-08,0.6098924728126496,0.39010747625797937
2.101038726945698e-25,0.9999999999973477,2.6524035429772882e-12
4.378494396649816e-16,0.9999255390433447,7.446095665486167e-05
0.0017987426859633546,6.7391974051854e-11,0.9982012572466448
1.837544984102261e-32,1.0,1.0679683523657298e-16
0.001291078842113542,4.1878982986816744e-10,0.9987089207390967
0.999999999524299,5.920190623230085e-37,4.757009678672821e-10
0.9999727205047206,4.191066747169446e-25,2.7279495279405224e-05
9.995622655765122e-16,0.9999950030697072,4.996930291640949e-06
7.000693855730734e-08,0.6258130434563496,0.3741868865367119
1.4647354760471635e-06,1.7311562539934283e-05,0.9999812237019841
0.0008453805755747345,1.7085838403792542e-10,0.9991546192535669
0.9994290549208447,7.6536591232059395e-22,0.0005709450791553484
1.954711496887706e-23,0.999999999917013,8.298693954702463e-11
0.9999999788447862,2.1587932546047244e-33,2.1155213731187618e-08
0.99999999999883,1.5096183570654552e-43,1.1699269304297219e-12
2.4528886265712015e-17,0.9999886495010087,1.1350498991316247e-05
0.9999905234270224,1.433941740587229e-26,9.476572977500053e-06
0.9999999985266856,7.043388169718483e-36,1.473314350049323e-09
1.1011341204556178e-05,2.921537909009649e-07,0.9999886965050047
0.9999999999965856,8.774158406058514e-43,3.4142704256203196e-12
1.876641134455479e-33,1.0,4.864399510822876e-17
0.0003691840387944675,2.11745095736946e-08,0.9996307947866959
0.9997702809883542,4.656104618210284e-22,0.00022971901164588868
9.551087394601645e-30,0.9999999999999956,4.533891977313914e-15
2.8647921358798894e-22,0.9999999997893267,2.10673153337475e-10
4.558132023519234e-22,0.9999999765432165,2.3456783564675993e-08
1.6705517461969236e-30,0.9999999999999984,1.5573087589385654e-15
0.999976435623332,2.8053659529555732e-25,2.3564376667967724e-05
7.131222334204959e-27,0.999999999999647,3.5297734312871936e-13
2.131627930761468e-09,0.9734029603649267,0.02659703750344541
4.484880618845502e-16,0.9999984923180738,1.5076819256907466e-06
0.9913117677325956,1.5601032732427453e-18,0.008688232267404443
0.99999999906152,1.2089003776783552e-36,9.38479922605965e-10
0.014940352758949562,2.4825465031053283e-11,0.985059647216225
6.450976262985703e-32,0.9999999999999998,1.697682150581762e-16
9.538763233411295e-10,0.9792735114928093,0.020726487553314403
0.999362121480057,1.4602042457948738e-21,0.0006378785199431276
0.0011458060480450524,4.552261368697581e-10,0.9988541934967288
4.779915543175309e-06,3.797673900678339e-06,0.9999914224105563
1.318013377185166e-32,1.0,9.609280642427875e-17
0.9999988848880002,2.31394392306816e-28,1.1151119997513967e-06
0.00018511206716481567,3.554199790135284e-09,0.9998148843786354
6.122415896628228e-13,0.9998064099212034,0.00019359007818427892
0.9999999999918872,2.7766771351921653e-42,8.112800797492246e-12
6.491105622493816e-14,0.9999407677022085,5.9232297726591405e-05
0.003692686811154956,2.298029909262457e-11,0.9963073131658647
0.0029160533118333704,3.8554018305032696e-07,0.9970835611479837
0.9989148835930693,1.5509107911173852e-21,0.0010851164069306289
0.0023943886431901924,2.184000405881654e-10,0.9976056111384098
0.9999815688816723,4.518302783060995e-26,1.8431118327559316e-05
0.00035730520334143834,4.4026932665032355e-09,0.9996426903939652
0.00011564223069640462,4.6614395136481245e-05,0.9998377433741671
0.9999768055419546,4.935315650588341e-26,2.3194458045426785e-05
3.13358711214941e-19,0.9999994175941572,5.824058427500901e-07
0.9999999995806725,8.532058627447434e-38,4.19327468961868e-10
7.850943125214814e-06,2.4413900944559107e-07,0.9999919049178654
6.01395722060206e-11,0.9270042761835896,0.07299572375627084
6.5110135698992165e-06,0.013972589683155432,0.9860208993032746
0.999999999930361,6.734221996474743e-40,6.96388596113552e-11
0.9999999999929949,3.3296435615630345e-42,7.00514654177208e-12
7.700673446047217e-07,0.2703358914783761,0.7296633384542792
2.742621551486665e-11,0.9983536220139605,0.0016463779586134452
0.0002426306106649386,1.5132213128504336e-08,0.999757354257122
4.521712125935304e-13,0.9997653782164486,0.00023462178309914262
2.704907267313835e-18,0.9999999345603027,6.543969744918425e-08
0.11564585046138193,2.014805727709991e-09,0.8843541475238124
1.4555820546105998e-19,0.9999999863971079,1.3602892122641617e-08
1.531850651948036e-18,0.9999988038204672,1.196179532775502e-06
3.944546569980394e-06,3.3279603759108644e-05,0.9999627758496707
0.000492621502136791,1.865042635858651e-09,0.9995073766328206
7.0976811221516856e-06,4.330146346833112e-06,0.9999885721725311
1.3413710176808157e-10,0.9914288402540005,0.008571159611862519
8.319329027356699e-06,2.3719066267132e-05,0.9999679616047056
4.108307563804458e-06,0.12000554086183135,0.8799903508306048
2.0233655017189853e-26,0.9999999999995564,4.4360920811716587e-13
1.067901126945613e-15,0.9999946220158924,5.377984106571324e-06
0.8990462897495086,2.961777357375341e-16,0.10095371025049123
8.239928334774486e-07,0.000930977855244104,0.9990681981519225
5.84249369798977e-10,0.5954586049849047,0.40454139443084597
4.123554686971444e-08,0.007490911698311189,0.992509047066142
4.936718285398318e-06,0.011643006331901235,0.9883520569498134
0.9999999999220086,1.4516341383810053e-39,7.799147062067797e-11
0.14843018913031533,3.863065730235077e-13,0.8515698108692984
0.9999999881058498,8.339081721991709e-34,1.189415009878775e-08
4.599285235442125e-20,0.999999992563378,7.436621955750863e-09
2.6261504854253838e-08,0.015464022780977816,0.9845359509575173
1.4381068631099542e-10,0.9879467273240686,0.012053272532120844
0.000207982157691153,2.449720613145239e-08,0.9997919933451027
0.9999999992573909,8.447435278924951e-38,7.426090802311488e-10
0.9993844358803198,4.7525304048624386e-21,0.0006155641196801145
0.9999999995336133,7.132669211155214e-38,4.66386711225267e-10
1.5658697569517636e-27,0.9999999999998697,1.3026476967813718e-13
0.9990594595675889,1.4927264092229554e-20,0.0009405404324111975
1.0841158556110366e-07,0.0012414843588222455,0.9987584072295922
0.003941993814765607,9.217059204080364e-11,0.9960580060930637
3.993422831623365e-29,0.9999999999999893,1.062711833324304e-14
0.00014234212066873656,3.824300885148313e-09,0.9998576540550302
1.4227487331235326e-09,0.9806265064998549,0.019373492077396193
0.9999997723738047,1.4244755964030339e-30,2.2762619536549217e-07
0.9999971621574024,1.7527268303833244e-28,2.837842597473382e-06
0.9999999999984606,2.1449783748177893e-43,1.5393944596073081e-12
0.00011623742724523032,4.041129057133429e-08,0.9998837221614643
5.27559782191814e-18,0.9999958820739666,4.1179260335455255e-06
5.922572513468124e-12,0.9990939812166394,0.0009060187774380363
0.9999996894284485,4.155969631148071e-31,3.1057155148769126e-07
6.973494203453701e-19,0.9999977332222458,2.2667777542833334e-06
0.009541289211634281,2.8889653933503507e-11,0.9904587107594761
0.999999385764714,5.476623575550774e-30,6.142352860430047e-07
2.4687406895951793e-05,2.178050260886737e-07,0.999975094788078
1.5484633438725217e-17,0.9999997014219074,2.985780925118972e-07
0.9999999996244653,9.603950436008245e-38,3.755346436933566e-10
9.951997693709072e-05,1.911212752458036e-08,0.9999004609109353
2.8675491034380526e-08,0.013515183637157613,0.9864847876873513
0.9999986950586612,8.023280427771005e-29,1.304941338768379e-06
1.79497570986228e-23,0.9999999999147042,8.529580487301553e-11
1.1865306803440384e-06,7.895697011993067e-05,0.9999198564991998
1.858198660129248e-31,0.9999999999999993,5.936544781867902e-16
0.9973551916766709,3.849499856534843e-20,0.0026448083233292625
1.0035611143588595e-13,0.9998920177448897,0.00010798225500982029
0.0008959832847916291,1.197117658446347e-06,0.9991028195975499
2.3430314569712493e-26,0.9999999999989106,1.0892453235102055e-12
0.9997504016470784,2.3777131738250124e-22,0.00024959835292162147
1.0413177207064278e-18,0.9999957500237223,4.249976277614789e-06
0.9999474011777206,4.816097972097402e-24,5.259882227939793e-05
0.030430476502694034,1.562590496163363e-11,0.9695695234816801
0.0020251088188661267,1.3675103615774145e-10,0.9979748910443829
0.9999999519957546,1.2783301751751218e-33,4.8004245373543673e-08
4.069895630846899e-17,0.9999994698966325,5.301033675922027e-07
8.939567918630406e-18,0.9999915255767114,8.474423288567499e-06
0.0058966094359096085,5.1293248482542065e-11,0.9941033905127972
0.9991609712598455,4.748427261922788e-21,0.0008390287401544057
4.707321827112315e-21,0.9999999970577331,2.942266897844435e-09
6.893145677973663e-09,0.0952756131303396,0.9047243799765147
1.9534921431629e-06,1.0320899103835147e-05,0.9999877256087529
0.0011701995643626346,6.5767155288385e-10,0.9988297997779659
1.308231483224755e-06,0.11573382236972232,0.8842648693987943
0.9999999170684353,1.7624213350121729e-31,8.293156481264024e-08
0.31765939934016435,2.471081820812724e-11,0.6823406006351248
0.00030132745978310953,1.1351658861221199e-08,0.9996986611885581
6.724093590153343e-22,0.9999999999549016,4.509831401303504e-11
9.493638977518646e-06,0.018293370308411726,0.9816971360526108
0.9999839305977498,1.4156704334264097e-25,1.6069402250243366e-05
0.9999999989012258,1.3304776031913976e-36,1.0987742181428868e-09
0.9997030652521608,4.326334384029889e-23,0.0002969347478391584
2.2057634268993566e-10,0.8409424571254865,0.15905754265393704
1.5705754907414403e-12,0.9838178776023729,0.016182122396056375
2.374302212418192e-22,0.9999999998271285,1.7287140527861963e-10
0.9999843898719006,2.0444986237031172e-25,1.5610128099332683e-05
2.4909551622773164e-08,0.7681573484052087,0.23184262668523978
1.30597132700121e-07,0.0013232725271990157,0.9986765968756683
0.00017059985698724547,1.1188848242060683e-08,0.9998293889541645
0.0020851127922136645,1.8950016300900437e-10,0.9979148870182861
0.9999655704732651,1.0904180474453668e-25,3.442952673497007e-05
0.0008283887269884583,3.064674897303493e-10,0.999171610966544
0.9999987443412904,8.070413195681599e-29,1.255658709500063e-06
2.139336389691137e-06,1.044349200507909e-05,0.9999874171716052
0.00013580055498434987,2.7570330995332368e-05,0.9998366291140203
6.069696728608067e-05,7.751059473358598e-08,0.9999392255221192
1.55939598725086e-20,0.999999996006391,3.993608954190379e-09
0.9999995584410402,8.736643666023459e-30,4.4155895984766137e-07
3.1128523814120115e-13,0.9999112992304635,8.870076922529856e-05
0.9999995533987757,2.9919347173733332e-30,4.466012244266865e-07
8.253902551396076e-06,1.3785767351644958e-05,0.999977960330097
0.9981449070037471,1.3050294948459186e-20,0.0018550929962527218
4.653456418233437e-14,0.9999594427860766,4.055721387679708e-05
0.9999969379127985,6.1482543534288945e-28,3.0620872015107832e-06
1.2977691374820807e-12,0.9993427394872058,0.0006572605114965927
1.736592909051511e-06,0.05942015141442012,0.9405781119926708
0.98693015477594,8.282017329707275e-19,0.01306984522406006
0.9996933586256143,6.187167674507068e-22,0.00030664137438562837
0.9999669704013128,5.787144308930339e-25,3.302959868723506e-05
1.7933917118206714e-21,0.9999999667362993,3.326370058115161e-08
0.0001809136546137422,7.80530305060367e-09,0.9998190785400832
3.922186353198146e-07,0.2563154310804784,0.7436841767008864
0.9999840232687545,2.9699408893291566e-26,1.5976731245536793e-05
1.6631049422124045e-20,0.9999999961828916,3.817108457218818e-09
0.9826914835377095,2.606343754434487e-18,0.01730851646229053
3.9254793572492346e-32,0.9999999999999998,1.367743632861787e-16
1.3060350918951876e-13,0.9999457146675725,5.4285332296920204e-05
0.9999998170880352,1.472237926153884e-30,1.8291196478608373e-07
1.5934808186305005e-20,0.9999998689749997,1.3102500026091608e-07
2.9408484841047248e-12,0.9880801677728174,0.011919832224241773
1.4558369466163662e-20,0.9999999932429293,6.757070634450744e-09
0.002939573400993388,3.733393545918149e-10,0.9970604262256674
2.520102844086191e-12,0.99965828166945,0.0003417183280299103
0.9999991391118149,3.0478713461057406e-29,8.608881850653665e-07
6.689838032826489e-21,0.9999999980193948,1.980605134269627e-09
0.999999997398338,1.2624709391847214e-35,2.6016619660924635e-09
0.9999985537311797,6.753418955244448e-29,1.446268820293235e-06
0.9999999993416038,2.124752717222344e-37,6.583962795575657e-10
9.073439524862864e-19,0.9999999289474705,7.105252942619602e-08
0.02145353186618044,1.1452133430247553e-11,0.9785464681223675
1.5571813518665102e-26,0.9999999999993539,6.460396963124008e-13
0.999988934371881,3.828137778682434e-26,1.1065628119099837e-05
6.191894630722534e-08,0.6059757292567894,0.39402420882426414
0.9998815656024745,2.3855492378032074e-23,0.00011843439752538609
0.9999943945211827,8.188694539323028e-27,5.6054788173391915e-06
3.76269478941018e-15,0.9996650675591817,0.0003349324408144574
1.4493676955386443e-05,3.3946341064210786e-07,0.999985166859634
0.9999999999964011,7.702111110769295e-43,3.5989399515683413e-12
2.0173616474550526e-07,0.5645455382416301,0.43545426002220516
1.200217756840419e-14,0.9999815488963005,1.8451103687562276e-05
7.922829049930888e-09,0.0816301604929108,0.9183698315842602
0.9999772169976897,3.8317314297501315e-25,2.2783002310300167e-05
3.2246010918953336e-06,0.0001710600943553942,0.9998257153045527
0.99999999999357,5.3647766958700254e-42,6.43003275046298e-12
1.4425050170967112e-05,1.2410695356303219e-06,0.9999843338802933
0.9999927958403116,5.18501760724638e-27,7.204159688390046e-06
0.9999969526473149,4.31876778043959e-27,3.047352685015232e-06
0.999999175784923,2.0396269196216456e-29,8.242150770450606e-07
0.060703646679981745,9.387438589626416e-09,0.9392963439325795
0.0016066670036011719,7.061495529320469e-10,0.9983933322902492
1.4523163545340976e-18,0.9999999720113854,2.7988614643002112e-08
5.5260650882491146e-14,0.9999560822833525,4.391771659207715e-05
1.932210566102362e-10,0.9939838905324817,0.006016109274297176
0.999199959637042,6.6095724664869676e-21,0.0008000403629578992
4.075352467433895e-07,7.760912937597498e-05,0.9999219833353772
0.999840631005957,7.838366916641976e-23,0.00015936899404303466
0.9998326368409308,7.634823810454045e-24,0.00016736315906908366
0.9999999383282958,5.875172280976489e-33,6.167170406689816e-08
0.04512232471768092,1.955175624045416e-11,0.9548776752627672
1.942173657402953e-06,1.3891219998471647e-05,0.9999841666063443
1.04706818689556e-05,0.001088265387218719,0.9989012639309123
0.9999260982527887,2.4498641203906505e-23,7.390174721121702e-05
0.9999794347814289,1.360166122470119e-24,2.0565218571079916e-05
6.814714325598963e-16,0.9999973207018271,2.6792981721944216e-06
0.9999999999923379,4.42209778633203e-42,7.662035557305804e-12
0.020171789918233138,3.390606831079104e-12,0.9798282100783763
0.9999988290961191,4.0213918101770025e-28,1.17090388094967e-06
2.5957103676720308e-17,0.9999996652733935,3.3472660644206777e-07
0.9999999999968272,3.4782791213085335e-43,3.1727810071358298e-12
0.9999935522142286,1.391649585779775e-26,6.44778577144343e-06
0.9984272594111329,1.0566768137166736e-20,0.0015727405888672464
3.3458143162094114e-07,0.4582758565620528,0.5417238088565156
2.1976584707489938e-07,0.4463035189824539,0.553696261251699
4.690782316084364e-23,0.9999999999186495,8.13505147319161e-11
5.275633793601871e-07,0.00024067967158020794,0.9997587927650404
7.062412984572749e-23,0.9999999998980209,1.019790099678731e-10
2.382851316447186e-19,0.9999999633337489,3.666625121367117e-08
2.3194423585346873e-06,1.9108215940666133e-05,0.9999785723417008
6.006041131021502e-11,0.9957361973005289,0.004263802639410732
5.9023101886477535e-06,6.8426576030901965e-06,0.9999872550322082
6.61818890665768e-06,4.093383936542554e-06,0.9999892884271567
0.9999999991599682,7.3263594634352084e-37,8.400317862738637e-10
9.608658924861516e-32,0.9999999999999998,2.0587350923199928e-16
0.9999909470672387,3.36842642022283e-26,9.052932761345272e-06
0.9999999996165443,9.021478849701258e-38,3.8345567679825193e-10
3.077841276096555e-05,1.8375885397734017e-06,0.9999673839986992
0.9999999983592998,7.242763847811313e-37,1.6407001801724544e-09
3.3186873785733405e-08,0.0024917060329345707,0.9975082607801916
1.9619079995420356e-05,2.8036618047900425e-07,0.9999801005538241
2.9110177848590053e-25,0.9999999999951636,4.836263150932574e-12
0.0015159426532667148,7.596198509337975e-10,0.9984840565871134
5.737067419737047e-14,0.9999634715486171,3.652845132555446e-05
0.99999999995866,2.3436348939645027e-40,4.134008777318225e-11
2.768680857123829e-15,0.9998830543697114,0.00011694563028602063
3.4686539003948934e-30,0.9999999999999978,2.26406517302668e-15
1.9056243023962037e-09,0.5164605037749773,0.48353949431939847
0.9999999932836054,1.6202217186023774e-34,6.716394439624196e-09
0.9996941213951253,3.0169474986481116e-23,0.0003058786048747959
0.9755103054098011,5.2953951133391465e-18,0.02448969459019878
1.213996065292162e-05,0.00044717546369264,0.9995406845756545
7.789413973197034e-14,0.9973856406732119,0.0026143593267101166
0.041534091148390746,7.571647420060149e-13,0.958465908850852
0.9999970051245572,4.85938058335547e-28,2.9948754427589326e-06
0.9999999988104373,2.513879980591478e-37,1.189562606889555e-09
0.9999978207509925,4.202715646196427e-28,2.1792490074451436e-06
5.169580481427825e-09,0.9322589477682197,0.06774104706219991
5.708935222966352e-22,0.9999999997810356,2.1896445264007261e-10
0.9846037354887027,3.4441673654915584e-18,0.015396264511297284
0.006366926646592062,3.7170196793135373e-11,0.9936330733162377
1.514560570575246e-23,0.9999999999662723,3.372770503976623e-11
4.9804994614447465e-11,0.9927917870464621,0.007208212903733047
0.00039534881283460286,9.613564551185975e-10,0.9996046502258089
0.9990737711186469,5.7174073268335386e-21,0.0009262288813531373
2.225663772456758e-18,0.9999961716087399,3.828391260141152e-06
3.059854858619292e-26,0.9999999999987432,1.2567974881756567e-12
0.009142505737923617,7.768665458620802e-11,0.9908574941843896
2.9243378920655747e-07,0.000267916724656741,0.9997317908415542
6.347364651906193e-21,0.9999999695176256,3.048237431281577e-08
4.566857507105726e-11,0.9964189368604974,0.003581063093833947
2.1431461481782902e-09,0.9654723827687178,0.034527615088136045
0.0006956208186202289,9.867406498167473e-10,0.9993043781946391
6.329557719239601e-09,0.938535936000874,0.061464057669568216
0.999999999968308,1.5721959497712914e-40,3.169203294374481e-11
5.135022338805088e-18,0.9999998599476204,1.4005237961589138e-07
2.0460094098923234e-32,1.0,7.99173507117428e-17
0.9999473889099793,1.0229296730988929e-23,5.2611090020729235e-05
1.5195787465032895e-22,0.9999999998059577,1.9404233666723967e-10
0.9999159064639499,2.0228326975195155e-23,8.40935360500005e-05
0.999988603221293,1.0517828056897887e-25,1.1396778707056992e-05
1.7309970097296368e-06,3.7421671949029485e-05,0.9999608473310413
1.2315077641988704e-26,0.9999999999991505,8.495566013123928e-13
6.484178415179271e-11,0.9974627753410984,0.0025372245940598415
3.646610655170119e-15,0.9999938339916966,6.166008299893226e-06
1.853659605441711e-05,0.001907731979146941,0.9980737314247986
3.394580835839792e-14,0.9999533501950497,4.664980491631729e-05
3.1381937483107534e-25,0.999999999995502,4.497876699368911e-12
4.025846489622966e-27,0.9999999999997424,2.5759704298116626e-13
1.7231510952781076e-06,0.0022092426554861373,0.9977890341934187
3.0187646994595363e-11,0.9483656172093995,0.051634382760413
0.0007772611072801894,1.576530584919082e-09,0.9992227373161893
2.7842854981658925e-14,0.9999303260409214,6.967395905082783e-05
2.267834181494309e-17,0.9999828015638751,1.7198436124969218e-05
0.9999999872768789,3.987463164995432e-35,1.2723121067094687e-08
5.21971089817432e-14,0.9999535653815893,4.643461835858584e-05
1.0358256557945923e-13,0.9999220786594418,7.792134045449476e-05
0.9798454819108757,5.281403792751111e-18,0.020154518089124263
1.259987514863892e-12,0.9854912875776738,0.014508712421066232
4.6737597107382106e-29,0.9999999999999827,1.742591427829165e-14
7.593684445925593e-14,0.999950137825141,4.98621747831404e-05
2.815193352017439e-32,0.9999999999999998,2.173152742956221e-16
2.791259522160484e-07,0.16664915755541798,0.8333505633186299
0.9999831401682474,2.7787111299581515e-26,1.685983175264554e-05
0.00013797529704214794,1.6847272173481138e-08,0.9998620078556858
4.237038133135171e-07,0.38941689919057404,0.6105826771056126
1.0156143799274532e-17,0.9999898824284124,1.0117571587735473e-05
0.00019277620698723014,2.4840680790960055e-09,0.9998072213089447
5.467664423756692e-08,0.003453242426493098,0.9965467028968628
2.0946994261870564e-31,0.9999999999999996,5.49045204434904e-16
0.9999999999942031,1.2465544389164608e-42,5.796981366292058e-12
9.300203088462577e-11,0.9927647610694971,0.007235238837500948
2.439760379363686e-08,0.014723759203084876,0.9852762163993113
1.8819723380703038e-17,0.9999997142452762,2.8575472377639475e-07
0.09934213304061745,1.2945487313993928e-12,0.9006578669580879
0.9999999999972864,1.558039833279188e-42,2.7136574792759786e-12
1.0993607156235892e-06,0.21145078917363544,0.788548111465649
0.9948018150072269,6.240460524184672e-18,0.005198184992773117
2.0083318910789472e-12,0.9988924331552639,0.0011075668427278844
1.2297885954915295e-17,0.9999907133598728,9.286640127126196e-06
0.9999834542004141,4.905841817318486e-25,1.654579958590055e-05
8.292954925665192e-10,0.9852454917280392,0.014754507442665491
1.4181172302691542e-32,0.9999999999999998,1.4078079826554052e-16
2.209761460739334e-20,0.9999999936937181,6.306281801719738e-09
1.6474134365251172e-28,0.9999999999999529,4.710784528604134e-14
1.9538371244594647e-07,0.44344117495616026,0.5565586296601274
0.9998642510006478,1.9698286960801213e-23,0.00013574899935226174
7.1083561024867574e-06,1.338337991806105e-06,0.9999915533059057
0.002191644544008889,1.832955334930084e-10,0.9978083552726956
0.9841245899853736,2.2338010724309503e-18,0.015875410014626452
2.872301163581927e-07,0.0015973380820815024,0.998402374687802
2.433034346959493e-14,0.9992878212731315,0.0007121787268440312
0.99999993263433,3.710550153663777e-33,6.736566996449119e-08
0.9997658782582879,1.495223826977518e-23,0.00023412174171206552
0.9999999999763629,3.68245794446524e-41,2.3637066303648417e-11
4.790433998107483e-05,8.315949537969051e-09,0.9999520873440694
1.216407611600974e-06,0.13080265391766918,0.8691961296747192
7.815790943696237e-06,3.19468026039787e-06,0.999988989528796
3.5695964935165436e-11,0.9967492932883782,0.0032507066759257467
0.9999999984267784,1.392114865401062e-35,1.5732215845679172e-09
6.41044188769939e-07,0.34504628946966925,0.654953069486142
0.009286684906946625,2.2736049313341392e-07,0.9907130877325602
0.989105641444456,9.817358995778062e-19,0.010894358555543951
0.9999706180736647,2.3250353542324884e-25,2.9381926335341288e-05
0.9999995148950898,1.733583335922914e-29,4.851049103873195e-07
4.400843141230254e-05,5.373909710417472e-07,0.9999554541776167
0.9999972942807106,4.269493247322865e-28,2.705719289435878e-06
0.0014917604233196228,8.164428029884336e-10,0.9985082387602375
8.376514944130954e-24,0.9999999999669982,3.300191785786518e-11
0.000126756162188536,2.3834621601855968e-08,0.9998732200031899
2.15401859772364e-27,0.9999999999996114,3.8868137369473656e-13
0.999999999990705,4.279095250676483e-42,9.295084570920487e-12
3.5985358580176274e-06,8.933896838449959e-07,0.9999955080744581
1.4534523190056805e-06,3.552680648110959e-05,0.9999630197411998
5.3563543655748765e-05,1.4220702886869416e-08,0.9999464222356415
1.9599454644308735e-18,0.9999965258969306,3.4741030693868996e-06
2.9251468401323075e-18,0.9999962528809663,3.747119033726044e-06
1.7464250728993426e-22,0.9999999997881122,2.1188784458204068e-10
0.9999964198471414,3.025040589340422e-27,3.580152858526546e-06
9.376883273138512e-26,0.999999999998834,1.1658511205665502e-12
0.9996442945138714,1.250004721321012e-21,0.00035570548612863105
0.9999617404715206,7.20628588614218e-24,3.8259528479388514e-05
0.0002217331407695866,4.43029207760786e-06,0.9997738365671528
0.9999999999949283,1.5940722255122986e-42,5.071614350895024e-12
7.462665602239452e-07,0.263368809768112,0.7366304439653277
9.080563972812142e-11,0.8627074768255327,0.13729252308366152
0.00037882049015399767,6.159210290896166e-06,0.9996150202995551
2.587410920432105e-07,0.0029101397900251364,0.9970896014688828
0.9999966931869468,5.5163438985861005e-27,3.3068130531430677e-06
8.469902242767315e-05,6.721331077335565e-08,0.9999152337642616
0.9985249101697504,1.6467754862212147e-20,0.0014750898302496348
2.027484573829939e-06,0.0928403049023157,0.9071576676131105
0.9999999999987519,5.576568374110494e-44,1.2480507251157242e-12
3.2887690391831753e-15,0.9999934608224692,6.539177527433748e-06
0.9964605873588128,1.1355418088885408e-20,0.0035394126411871472
0.0001793556055141688,3.376471043302456e-08,0.9998206106297753
1.0372331500258111e-05,0.0009642979910807936,0.999025329677419
0.9999998122029237,8.319753160508933e-31,1.8779707632162046e-07
3.715028160517779e-10,0.7802946756961283,0.21970532393236894
0.9998645064390644,3.52201584517868e-23,0.00013549356093557253
0.9988960491714188,5.9308474570439225e-21,0.0011039508285811777
0.9999999999983782,1.7201776967351236e-43,1.6219035495749512e-12
0.9999999989080113,2.9204076709615097e-37,1.091988723696938e-09
9.57574942452482e-21,0.9999999973853604,2.614639550802043e-09
2.07432152187598e-06,3.057331152107557e-05,0.999967352366957
0.9996822765052299,1.690626294203472e-22,0.0003177234947699852
9.679246583648403e-06,0.0019704381526751114,0.9980198826007411
1.6372565986998034e-05,2.038332347855987e-06,0.9999815891016651
4.100520095765742e-05,3.1213796775682644e-05,0.9999277810022666
5.856178052167243e-31,0.9999999999999991,8.008508758500052e-16
9.84092323569152e-22,0.9999999995043425,4.956575457431741e-10
1.0712307838039788e-13,0.9999389312617882,6.10687381048116e-05
0.9999999999753932,2.0262325172210724e-40,2.460682398876506e-11
0.9999999393278748,1.883677642871011e-32,6.067212519378175e-08
6.499002116831581e-08,0.007558188503419873,0.9924417465065589
0.9999999999983304,2.3306513213960403e-43,1.6695442939038273e-12
0.9999999799962156,4.737176628774127e-29,2.000378455424984e-08
1.182050168826659e-21,0.9999999996224891,3.775109499552293e-10
0.03757353914881871,1.4069293791977084e-11,0.9624264608371119
5.218279836092222e-32,0.9999999999999998,3.285616817683306e-16
7.187361334349256e-07,0.0005389765925804847,0.999460304671286
2.3437757160742822e-08,0.019632184763238383,0.9803677917990046
0.9999975559155782,1.2351274677554245e-28,2.4440844219321345e-06
6.033529309297506e-14,0.9994538151862882,0.0005461848136515548
0.9918829369925795,8.560233554257627e-19,0.008117063007420608
0.9999999999937357,4.057746578710191e-42,6.2642719748790065e-12
2.8114353625433415e-23,0.9999999999285873,7.1412582108789e-11
1.395235786802529e-17,0.9999805239650249,1.9476034975171882e-05
4.3869737554752584e-15,0.9999798816108308,2.0118389164678635e-05
0.9999939472635573,6.483958722963013e-27,6.052736442624516e-06
0.9999999978926155,1.1620697402077392e-36,2.10738451558841e-09
3.1811301262674144e-07,0.3665447148810233,0.633454967005964
3.372862710186861e-17,0.9999677647826715,3.2235217328535924e-05
0.9999998117488434,2.5800269516021265e-31,1.882511564594695e-07
5.4861730855481325e-31,0.9999999999999996,5.339771344956048e-16
0.9890327306212894,1.825461504557405e-17,0.010967269378710561
7.74914090992553e-05,4.795100803237408e-08,0.9999224606398928
0.0013544809443929422,3.746642102929763e-10,0.9986455186809428
0.9999999999831817,2.3824698163870197e-40,1.6818228473741576e-11
0.999999999652784,2.406970694524635e-37,3.4721596576654727e-10
2.5502282917512666e-08,0.020045572517597313,0.9799544019801198
0.9981321499428194,2.8612568470431016e-20,0.00186785005718071
2.389320790235829e-09,0.9753883432899144,0.02461165432076465
0.9999751310447375,1.709916038071659e-25,2.4868955262573335e-05
5.5742457183969775e-05,3.466671377457893e-07,0.9999439108756784
0.9999999995680582,7.655574214567344e-38,4.319418317608945e-10
0.999999999993944,1.0601044046869729e-41,6.055965875046303e-12
3.4152189901895994e-05,1.5227000996313647e-06,0.9999643251099984
2.162138167055663e-08,0.8803677685689185,0.11963220980969975
0.9994677404011874,2.810045452322195e-22,0.0005322595988125768
0.00011532180222417086,5.8255298205937934e-05,0.9998264228995699
8.417308916410723e-19,0.9999999086986137,9.130138627828806e-08
1.857826518031541e-08,0.025934803844222296,0.9740651775775124
2.6364416180620484e-05,1.5301932851674418e-05,0.9999583336509676
0.00016969073725883318,1.0595878826527812e-08,0.9998302986668622
0.9990829495974455,7.449526445750463e-22,0.0009170504025545622
0.9846332485577822,6.761121092493593e-18,0.01536675144221767
0.9999551604054393,5.584463550516922e-24,4.483959456072793e-05
1.8157386609669952e-08,0.0916443562810231,0.9083556255615902
0.9990399248708881,1.4882990715656727e-21,0.0009600751291119459
1.727818824784359e-18,0.9999999441254375,5.5874562455944946e-08
1.0092469385211304e-19,0.9999999938842703,6.1157297549472116e-09
3.0612441520144637e-15,0.9999951031709682,4.896829028718906e-06
9.668579780062531e-08,0.0019234749741605618,0.9980764283400417
6.957226943974126e-29,0.9999999999999722,2.7803701543609195e-14
0.00012928160238197497,1.1861719493893715e-07,0.999870599780423
0.9999660113138764,4.026524177526582e-25,3.3988686123735925e-05
4.8872008592414854e-17,0.9999994372373956,5.62762604382854e-07
5.91434752434246e-17,0.9999802092995393,1.9790700460707515e-05
4.114779707412221e-15,0.9997503267079559,0.0002496732920396917
2.4760940913264005e-08,0.024095108646412997,0.975904866592646
2.1159763130945326e-05,1.367574361589656e-07,0.999978703479433
1.6252538642246063e-07,0.003091332111614093,0.9969085053629995
2.570761833076297e-05,4.235067066795306e-08,0.9999742500309986
2.1188654980786366e-07,0.00021848057633366415,0.9997813075371165
6.85066074592189e-25,0.9999999999891622,1.0837882731649475e-11
0.9999999999910179,3.674046444669701e-41,8.982149954150058e-12
0.9999998910264997,2.7201467750254863e-31,1.0897350039831722e-07
0.9990275901339954,8.330087167199203e-21,0.0009724098660046764
0.9999999986107353,4.396862129927448e-37,1.389264605767764e-09
2.2248008095259232e-08,0.7850290661231101,0.2149709116288817
2.639782737200017e-12,0.9994365381442194,0.0005634618531408325
0.0021730735357783754,3.7468871466500544e-10,0.9978269260895329
0.0011138558001888234,2.3326647648424855e-09,0.9988861418671464
0.9999999575407346,3.073587621118623e-32,4.2459265467939724e-08
3.1549216180450335e-07,0.0011525839902010602,0.9988471005176371
0.9924927924765643,3.3044930064125035e-18,0.007507207523435637
1.1007022038996764e-06,1.277707442930623e-05,0.9999861222233669
6.429788545819331e-06,4.898470766239627e-07,0.9999930803643775
4.865892024950852e-19,0.9999999562251246,4.3774875298173924e-08
2.1820074969574296e-07,0.39004783571263996,0.6099519460866103
0.9999948072998189,1.271830488870043e-26,5.192700181056829e-06
0.9999999990815067,3.6755338539426185e-36,9.184932494956353e-10
0.9999957576544576,2.105036095594538e-27,4.242345542387315e-06
1.3572557116636007e-11,0.9976445437456576,0.0023554562407699007
0.9999999986252648,1.664654274541731e-36,1.3747352611422363e-09
8.693865752925733e-07,0.0002123002480869834,0.9997868303653377
4.4959110044074396e-21,0.9999999985517181,1.4482819595248475e-09
2.393937789671589e-08,0.6972855875624586,0.3027143884981635
0.9999999999941585,2.843422630731832e-42,5.841657210883008e-12
0.9927432048680445,1.5936736892412686e-18,0.00725679513195557
2.7702840943847276e-30,0.9999999999999967,3.2586121210692993e-15
5.793232708881918e-19,0.999999939901009,6.009899099953665e-08
0.9999999991762776,3.3180457325232816e-37,8.237225297879967e-10
0.9975785955945174,1.8849039880132637e-20,0.002421404405482562
0.9997831587000315,6.706378087442737e-23,0.00021684129996858272
0.9999999992268589,2.336043271044482e-37,7.731410639580953e-10
0.9999939031733721,7.141558007930994e-27,6.096826627801376e-06
0.9999999847673366,3.425736992081056e-33,1.5232663234172892e-08
2.4450393745684432e-27,0.9999999999997884,2.1162624829657785e-13
0.0015706258285804293,1.0869539375419239e-09,0.9984293730844657
3.317192306596781e-05,3.945643170633214e-07,0.999966433512617
0.9994979060909325,2.310047041516979e-22,0.000502093909067586
0.9999999328959118,3.111598617603809e-32,6.710408831271532e-08
1.788748270798063e-06,6.44942021278269e-05,0.9999337170496014
4.982079048671025e-07,0.0002459886200788719,0.9997535131720163
0.9999999995824942,1.2955065454837294e-37,4.1750584107674676e-10
1.6591285794054937e-12,0.9893813192618942,0.010618680736446706
0.9999999963334156,1.5402794375933643e-35,3.6665842641162446e-09
1.853992394701427e-08,0.8373536119387777,0.16264636952129827
3.0075154619356705e-13,0.9998957282504563,0.00010427174924292041
0.00017191673493935353,4.469575170839702e-08,0.999828038569309
3.1811050575373335e-15,0.9997455852207944,0.00025441477920265277
2.9919121872732862e-15,0.9996339587704095,0.0003660412295875897
2.507436957120697e-05,0.009445882432180296,0.9905290431982485
3.2357244379610056e-05,0.0006721193914758023,0.9992955233641447
0.9999999999352955,1.8710655500468022e-39,6.470442639311012e-11
0.9999999995016622,5.000457368794984e-38,4.98337817203366e-10
1.0326435909471896e-12,0.9995913147409832,0.00040868525798410006
0.999997279284647,6.644781044513667e-28,2.7207153529090593e-06
0.9998616360450336,1.0676457946633765e-23,0.00013836395496639957
6.1957722321298714e-06,0.000546383116237,0.9994474211115308
0.01817325006334474,1.4040827072936423e-11,0.9818267499226145
0.9785217176198727,1.2302553793438981e-15,0.021478282380125932
2.758411877182453e-19,0.9999999853028367,1.4697163342658804e-08
0.9999999998498048,1.750128999938333e-38,1.5019524828545424e-10
0.9999999995809623,3.064413313931324e-37,4.190376078024956e-10
2.4840570884642176e-19,0.9999990332601665,9.667398334961302e-07
2.9017771209072962e-05,5.324384361457237e-08,0.9999709289849473
1.0523036573905957e-19,0.9999999909396894,9.060310621839627e-09
0.9999950005805266,6.641523208907844e-28,4.999419473386702e-06
1.385145787367555e-20,0.9999999942516542,5.748345691021286e-09
3.0490030979242734e-18,0.9999998738635066,1.2613649327610008e-07
0.999999999896978,3.924502941310743e-39,1.0302203109289357e-10
3.162129528611735e-15,0.999989150527467,1.0849472529994126e-05
2.892326485465324e-23,0.9999999999542715,4.572843412540985e-11
0.00018232730499888536,7.484156287187113e-08,0.9998175978534383
0.9998946897175692,3.2076626816336497e-23,0.00010531028243073473
6.404905622896393e-14,0.9983210671443219,0.001678932855614079
4.8309840819365054e-14,0.9999428159416318,5.7184058319733306e-05
1.6875638293660967e-21,0.9999999993252733,6.747267313020223e-10
0.9984867515740076,1.6364256149635825e-20,0.001513248425992408
0.00027663443526769504,3.1668513219682036e-09,0.999723362397881
0.999981096676076,8.962031579954226e-25,1.8903323923979096e-05
0.9986303233963585,6.35125074445332e-21,0.0013696766036414584
3.3715308427966894e-27,0.9999999999997544,2.4549585847859466e-13
2.072322982033361e-25,0.9999999999962805,3.719553926320619e-12
1.469272504302574e-17,0.9999851203181302,1.4879681869850965e-05
0.9999729285832796,4.460664117131214e-25,2.7071416720472334e-05
0.0021036288055832314,8.797421655148697e-10,0.9978963703146745
0.002808841698162539,1.689214272723735e-10,0.9971911581329159
3.4938208843339564e-05,2.7930882598590115e-06,0.9999622687028968
1.4527878191888168e-07,0.004016465789610745,0.9959833889316074
1.4737467631818888e-26,0.9999999999993667,6.331737294768189e-13
0.0001311368723479178,2.4916755132697487e-08,0.999868838210897
1.194792288094727e-05,0.020452297960229272,0.9795357541168896
1.4253850199997212e-05,0.00207580760217789,0.9979099385476222
0.00020067190868819793,3.28645197488584e-09,0.9997993248048598
2.3092389412049544e-08,0.015788115085065526,0.9842118618225452
6.329130459858023e-22,0.9999999996445297,3.5547032790572664e-10
0.9993016702796859,8.940360076790424e-21,0.0006983297203142515
8.8873707408131e-06,2.996814782195372e-07,0.999990812947781
1.8662335523741194e-13,0.9999218455505785,7.815444923486748e-05
2.039556568367863e-14,0.9999729833026427,2.701669733694358e-05
4.009300594797905e-20,0.9999999952892733,4.71072661639367e-09
1.533096995134793e-11,0.9977299459607287,0.00227005402394015
6.115654032690862e-08,0.030446575997681618,0.9695533628457781
3.266082427498051e-08,0.00485637498328252,0.9951435923558932
4.611625665072472e-06,0.017127304788184552,0.9828680835861503
0.9999999999936584,2.124643260935065e-42,6.341527955297684e-12
1.5156402619933767e-22,0.9999999998396341,1.6036602616750876e-10
1.8609434182911999e-16,0.9999987194876493,1.2805123505311974e-06
4.35946806555688e-21,0.9999999984438019,1.5561980611789664e-09
0.9999999999827287,3.417633710109764e-40,1.727129976514259e-11
2.891501341243871e-17,0.9999997401727827,2.5982721736472755e-07
0.9739758168937986,1.8875295763784143e-17,0.026024183106201446
5.554746556763104e-21,0.9999999975344924,2.4655075804196528e-09
4.728180951771215e-31,0.9999999999999982,1.713435842714114e-15
1.3087835101804898e-18,0.9999987052516203,1.2947483796251884e-06
5.601052142850736e-19,0.9999999627945442,3.7205455790449046e-08
0.9998687084178575,1.1994851818100015e-22,0.0001312915821424453
0.9999974049418494,2.668804874118077e-27,2.5950581506375146e-06
0.9983221613714779,5.6855182362477985e-21,0.0016778386285221849
2.361177321514463e-16,0.9999987336973105,1.266302689341868e-06
5.308988848860109e-14,0.9999264557281756,7.354427177116816e-05
0.9949305545319452,1.2254936572189057e-18,0.005069445468054766
0.9999886181807753,1.1861774643145094e-25,1.1381819224695254e-05
0.999914701402713,4.6120764398363965e-24,8.529859728714465e-05
0.9997067866016031,2.950428517831604e-22,0.000293213398396829
0.9971364276637419,8.041750054264598e-20,0.0028635723362580813
3.257584011219798e-08,0.020670001259984423,0.9793299661641753
0.9999976419051992,4.814132101829445e-28,2.358094800760891e-06
1.0086259989188707e-24,0.9999999999929308,7.069264437347242e-12
0.009329766013937299,2.4837114045385645e-11,0.9906702339612254
1.876279409268142e-10,0.9909871350225804,0.009012864789791639
4.110737362770194e-17,0.9999598510953503,4.01489046496994e-05
0.99971180630542,1.6886449144613648e-22,0.0002881936945799416
3.001043802743788e-08,0.8246842414921176,0.17531572849744445
2.659998213504401e-22,0.9999999995253925,4.746073740821549e-10
0.9953414560386262,7.932153819183892e-19,0.004658543961373909
8.701044778305495e-13,0.9997977740179673,0.00020222598116277407
0.9900147069609797,2.374762534676115e-18,0.009985293039020196
0.0021583614318882835,6.209126606598178e-10,0.9978416379471992
0.9999999906957412,5.757086764101328e-35,9.304258872851361e-09
1.103730202093796e-05,3.134536068500554e-06,0.9999858281619105
0.9982466390648305,9.456544215890691e-20,0.0017533609351694736
0.04136243443336378,1.6322216657701574e-08,0.9586375492444196
2.0516525113967427e-05,1.4328790463916974e-07,0.9999793401869813
1.1141089774396871e-15,0.9999966412130793,3.358786919641255e-06
0.013998061917492631,3.112886682739467e-08,0.9860019069536405
6.093832679624182e-10,0.9889953060288079,0.011004693361808766
1.8261646343233936e-12,0.9870942103304629,0.01290578966771096
0.9999639545102581,2.7530465457157267e-25,3.604548974190479e-05
1.4423452033123467e-30,0.9999999999999973,2.6447022280480782e-15
0.9999999990213075,9.962564870278396e-38,9.786923877274774e-10
0.999999998778589,8.002412577541163e-37,1.2214108885949442e-09
0.9996039212312797,3.618736198397032e-23,0.0003960787687202952
0.000615332213750108,1.560985505868392e-10,0.9993846676301513
1.7693049654328422e-06,0.09379062677392651,0.906207603921108
0.00044852799871300314,5.727326547279328e-10,0.9995514714285543
0.00013910814382531563,2.3889708984043832e-08,0.9998608679664658
0.9983334822579711,4.459176224479958e-20,0.0016665177420287565
0.0005144165401405528,4.6652702096808195e-08,0.9994855368071573
2.8990479196701507e-05,0.002576416390204465,0.997394593130599
3.663335781139153e-05,2.3470985965853043e-07,0.9999631319323289
0.0005088176644215051,4.8750683385084886e-09,0.9994911774605102
0.011262960703911553,2.4444572978465466e-11,0.9887370392716439
0.9999999692210567,4.120889278458552e-33,3.0778943262848954e-08
1.4572557287046854e-17,0.9999930009081409,6.99909185902385e-06
0.9999999999465887,2.6742132021666804e-40,5.341125915299834e-11
0.9999999879627631,1.0829321166952484e-33,1.2037236816131883e-08
8.331934753828824e-07,0.00023608111909061613,0.9997630856874341
5.7464907688281726e-05,1.2634548648475672e-07,0.9999424087468253
0.0001651869350760679,2.666000903672944e-05,0.9998081530558873
0.9999999995057067,4.309791984050929e-37,4.942933448351339e-10
2.667273823996838e-11,0.9986932082755106,0.0013067916978166552
7.392923970259788e-09,0.0674345044388646,0.9325654881682115
0.00217785444489826,1.3262137926744705e-06,0.9978208193413092
0.999980504263095,5.375963229510864e-25,1.949573690498378e-05
7.876204470138367e-05,9.598222898798046e-08,0.9999211419730696
1.0937124693936989e-07,0.6889868731510645,0.31101301747768856
0.9981479771541877,3.32428516455466e-20,0.0018520228458122785
4.0572142115662084e-05,3.3705949878554595e-08,0.9999593941519345
7.342606737914304e-12,0.9992147449669255,0.0007852550257318925
0.00013474541531070767,8.372109153125617e-09,0.9998652462125801
0.007263118312978891,1.296357980528041e-10,0.9927368815573854
1.8491769209570264e-07,0.6529976332315028,0.34700218185080506
2.4506445412500976e-08,0.045200857371410524,0.954799118122144
0.9999999995422608,7.034736215126314e-37,4.577391463854525e-10
0.002466991076641665,1.3451284321045695e-10,0.9975330087888454
0.9999994284220172,8.007555875823693e-30,5.715779828917815e-07
1.8080756824382104e-26,0.9999999999991827,8.17325681293802e-13
4.4686079626447444e-23,0.9999999998830087,1.1699137636046949e-10
2.4691614777243794e-18,0.99999982709644,1.7290356009619535e-07
0.9576465408795116,2.8843158355756583e-17,0.04235345912048833
0.9999999999952489,1.0560837128922026e-42,4.751102130557319e-12
4.977230422363419e-22,0.9999999994558375,5.441625536174736e-10
2.602027611296821e-12,0.999078464813634,0.0009215351837638469
1.6414731971431332e-24,0.9999999999851656,1.4834456279507818e-11
1.1247620990765865e-12,0.9996902440276118,0.0003097559712635746
1.1053651432271458e-09,0.9821982843562401,0.01780171453839488
0.9955812578711791,1.841490332316859e-19,0.004418742128820837
8.42979106064817e-19,0.9999999594292649,4.057073521274495e-08
3.948461013178025e-32,0.9999999999999998,3.1625119535104073e-16
0.9972857561477702,2.860455671005646e-20,0.002714243852229758
0.9996994523595835,8.963686020835474e-22,0.0003005476404166064
2.1620930101584533e-35,1.0,8.043533297417e-17
2.9169407402581134e-05,0.0004926184500470214,0.9994782121425505
1.575839400014904e-16,0.999999093494002,9.065059978902512e-07
3.5165684925324335e-24,0.9999999999683491,3.165096960799644e-11
0.9999999998052651,1.1566846759911771e-38,1.947349825538156e-10
8.02180266444993e-06,3.627850202869484e-06,0.9999883503471326
1.282078438956478e-21,0.9999999993864195,6.135805034359959e-10
6.160795556367338e-15,0.9995243238635536,0.00047567613644023044
1.6796648957364273e-05,1.978833971267015e-07,0.9999830054676456
6.561674878871455e-21,0.999999996490903,3.509097050547906e-09
0.9999999999968674,1.990248609097445e-43,3.132629423914891e-12
1.670935734451874e-08,0.9152447145581166,0.08475526873252617
0.9999999604165735,1.3749211367603616e-32,3.958342650535638e-08
0.0035985287979206884,1.6678483083284765e-09,0.996401469534231
0.001076695880909444,5.585408959027792e-10,0.9989233035605496
1.0906021641784422e-31,0.9999999999999996,3.8816187777975437e-16
9.447320509639081e-25,0.9999999999886895,1.1310423609521804e-11
1.6660626226762622e-30,0.9999999999999976,2.3404121378347308e-15
5.089781498533344e-13,0.9921220864781379,0.007877913521353237
0.0003874024694739583,1.099114781078202e-08,0.9996125865393781
0.9722884112672062,1.1743428877033491e-17,0.027711588732793793
2.158170349518307e-07,0.0010227846255915578,0.9989769995573735
0.9999999998020621,1.3317445258783373e-38,1.9793793245185823e-10
5.656945265224713e-23,0.9999999999015139,9.848612761541807e-11
0.9999999999958866,4.436178465908547e-43,4.113444946088252e-12
0.9982356748611334,6.950022998003918e-21,0.0017643251388664626
0.9999955605151065,1.6555508524389244e-27,4.4394848934500444e-06
1.9884936471512388e-25,0.9999999999972411,2.7589644911502563e-12
4.0886256696238236e-32,0.9999999999999998,2.552566401273163e-16
8.144248716204781e-31,0.9999999999999984,1.6450701473831866e-15
0.9999999504087991,7.574068633806465e-33,4.959120089586457e-08
2.4970107933801074e-07,0.00022313527133880235,0.9997766150275819
1.403449288328052e-31,0.9999999999999996,4.0741008954814144e-16
2.8196761292918977e-28,0.9999999999998948,1.0525148044252015e-13
4.312412968363791e-25,0.9999999999951517,4.848273888103534e-12
0.9999999996652738,3.9526202896828386e-38,3.347262845450476e-10
0.9999999981013279,1.8768319998235508e-36,1.8986721241303187e-09
7.120517214336605e-07,0.4124868201633606,0.587512467784918
8.960720025689996e-13,0.9998274735879463,0.00017252641115770312
0.9999995023883221,6.773484388829762e-30,4.976116779149367e-07
1.736456204881051e-05,3.712763452970649e-08,0.9999825983103167
8.830243688135087e-08,0.6222494620506921,0.37775044964687116
0.9889701702442739,9.029764029122574e-18,0.011029829755726011
4.241080362224503e-05,1.3895230837311943e-07,0.9999574502440693
0.9999999998661551,2.453037906458433e-38,1.3384487608705975e-10
0.00030414875849844007,5.712154947383106e-09,0.9996958455293465
0.9999008083729825,2.972491485453032e-23,9.919162701757823e-05
3.836981296027333e-12,0.9993906651041856,0.0006093348919773347
0.999999999794521,8.462555579100337e-38,2.0547906316271894e-10
4.73082091484244e-31,0.9999999999999987,1.2472069788268954e-15
0.01674912517364032,1.759036746293909e-11,0.9832508748087694
0.9999999987181118,2.575404228869135e-36,1.2818881021765604e-09
0.9999999996177953,7.906377763860031e-38,3.8220471761726304e-10
3.277099947544227e-17,0.9999813138629949,1.8686137005021765e-05
0.999999999989678,1.0806396549090436e-41,1.0321933820514583e-11
7.097783026698994e-08,0.8491709015505994,0.1508290274715703
0.9999999693122716,1.3587944251061623e-32,3.0687728307503475e-08
1.160952706431895e-08,0.9428875422774968,0.057112446112976036
2.377107899487257e-05,1.4067223198886517e-06,0.9999748221986854
0.9998034391050026,8.595702759826915e-23,0.0001965608949973302
1.043238939789901e-07,0.00036286926276091853,0.9996370264133452
0.0005304820819617571,1.1012567689725029e-05,0.9994585053503485
4.794374794120463e-28,0.9999999999999329,6.695615186250729e-14
2.149473650163514e-10,0.6551407232275314,0.3448592765575213
0.9996289546272915,6.360012166378423e-22,0.0003710453727084502
2.9607402427560275e-16,0.9999981010245415,1.8989754583787115e-06
0.9999995968395585,2.0576325822208466e-29,4.0316044154807106e-07
0.9999999995834807,4.261481690649302e-38,4.165192637927064e-10
3.312980313272785e-11,0.996097429432436,0.003902570534434104
0.0010586123558346246,7.056363988741084e-10,0.9989413869385291
0.9999995335200704,1.0540755460516417e-29,4.6647992960612925e-07
1.7777594510010298e-15,0.9996038333699498,0.0003961666300483804
0.0005735272539272241,4.0554513317376735e-06,0.9994224172947411
3.645294461442113e-07,0.00017045446165574188,0.9998291810088982
2.7769096103822687e-14,0.9999757122777854,2.4287722186808754e-05
2.7095497637215117e-05,2.437788335677074e-06,0.999970466714027
0.999998505832835,1.474814309320495e-28,1.4941671651116964e-06
5.143533620614979e-16,0.9999194208890638,8.05791109358689e-05
1.318537202641197e-22,0.9999999954010512,4.598948808159834e-09
1.5078921663108992e-12,0.9990622845558296,0.000937715442662591
2.264118284544227e-17,0.9999993389539312,6.610460688500872e-07
6.571770969876698e-20,0.999999989293724,1.0706275919811848e-08
4.74971222445459e-30,0.9999999999999962,3.743955239818634e-15
9.512154943116218e-07,0.0002452048004208107,0.9997538439840847
0.00031473653756442204,6.527221819491725e-09,0.9996852569352138
7.320211285653694e-15,0.9995370067382393,0.00046299326175340804
3.6064067832483e-32,0.9999999999999998,2.278048791005471e-16
1.7883202443897198e-10,0.8606345842654864,0.1393654155556816
7.4090323598414145e-06,1.4158669500701516e-05,0.9999784322981394
5.640829834962025e-17,0.9999995856468602,4.143531398553715e-07
1.7778827123833638e-22,0.9999999995662352,4.337647115514679e-10
4.935074411871073e-07,0.00018886266169953122,0.9998106438308594
8.590381932777742e-22,0.9999999994752746,5.247253076732556e-10
2.9444123280010134e-07,0.002337359907713445,0.9976623456510537
3.77162689155825e-06,1.7141551668824393e-05,0.9999790868214395
1.575573853072471e-17,0.9999918538028815,8.146197118584562e-06
0.00014425388617545173,3.6150677326340913e-08,0.9998557099631471
4.992231799062176e-07,7.835885778941541e-05,0.9999211419190307
7.156201445444881e-07,6.296213104216273e-05,0.9999363222488133
0.0011094654336396262,2.5946686188545213e-06,0.9988879398977415
2.2855259469971477e-13,0.9969399232894821,0.003060076710289561
1.2929805656762804e-32,1.0,8.574905102878248e-17
6.054684051592215e-06,1.7004049662109174e-05,0.9999769412662863
0.999999999432269,1.726074264350048e-37,5.677309320577906e-10
3.8307525892299026e-16,0.9999985613588895,1.4386411100407782e-06
0.00531027012167411,3.486024441973947e-11,0.9946897298434656
0.9966078373238638,1.9744624680076918e-20,0.0033921626761362405
7.958924456634003e-33,0.9999999999999998,1.2077399240077366e-16
2.9814141003137223e-09,0.4932940383270147,0.5067059586915713
1.0382163265994012e-08,0.9303643386382431,0.06963565097959365
0.9999999997673632,4.325187050186773e-38,2.3263686404929338e-10
2.4677784412763972e-05,1.6548949857099154e-07,0.9999751567260886
3.510523900953868e-06,0.07587815049245634,0.9241183389836427
0.999999993928665,6.304853622178574e-34,6.071334845387382e-09
0.9998807898291076,1.5386517924552314e-23,0.00011921017089256524
0.9999999999989768,3.4575822659247544e-44,1.023222564565854e-12
1.97057838597047e-09,0.9547853391216354,0.04521465890778601
5.62714397307648e-06,1.549779947521568e-05,0.9999788750565518
0.9999999242213677,1.030993194937587e-31,7.577863232495291e-08
0.9999440398390593,1.001522554012955e-24,5.59601609407852e-05
6.68929992295927e-23,0.9999999918183783,8.18162182151292e-09
9.534623398215878e-14,0.9999299787631647,7.002123674013012e-05
0.9890905812251339,2.2826398427078754e-17,0.010909418774865946
7.137295260740881e-21,0.9999999472271986,5.277280138717365e-08
0.9999488186923361,1.2445167108788233e-24,5.1181307663977564e-05
0.9999976955684966,3.8083404700489106e-28,2.3044315034641384e-06
0.002134813473650459,4.271601071844285e-07,0.9978647593662424
0.00019010508276964943,2.7554928675064197e-08,0.9998098673623016
0.002344678795881615,3.3121683152970756e-11,0.9976553211709966
1.602004234353149e-16,0.9999988046601347,1.1953398651277098e-06
2.1491224467318893e-05,2.081075075163337e-07,0.9999783006680251
0.0010685167628051446,1.6861648998884924e-05,0.9989146215881961
0.0017566455681507268,7.008547449582839e-06,0.9982363458843997
0.9999999996535236,6.852003158110672e-38,3.4647631532462584e-10
5.662666550892744e-26,0.9999999999972853,2.714683788624611e-12
2.424114201690726e-06,0.02786424572276779,0.9721333301630304
1.2544922328769927e-06,1.4732814282610755e-05,0.9999840126934846
5.280747875315938e-14,0.999943589136393,5.641086355401066e-05
0.9965978681007701,2.55251022389608e-19,0.0034021318992298495
2.094277642858211e-10,0.7326969831092544,0.26730301668131784
1.6203605853919236e-08,0.8972972002393969,0.10270278355699747
6.928624643584683e-14,0.9999581227632809,4.1877236649872406e-05
0.001025714679554354,6.488458859593497e-09,0.9989742788319869
1.1321320210698091e-05,1.2403905608781983e-06,0.9999874382892283
1.2994539380049326e-10,0.9931002301114072,0.006899769758647292
4.868637705522198e-16,0.9999199421418525,8.005785814702735e-05
0.04143771372123249,3.2425953940624266e-12,0.958562286275525
0.9999999999945133,1.195631346969974e-42,5.4867061170270544e-12
2.676146775414127e-09,0.9609503522561809,0.03904964506767223
0.9999999999885554,6.523421743927066e-42,1.1444527623163267e-11
4.066211441701287e-15,0.9993312420097115,0.0006687579902846484
8.093384516098756e-15,0.9999870487906846,1.2951209307471415e-05
0.9999224543733227,4.335628348451391e-24,7.754562667725714e-05
2.565094645334512e-08,0.033291844710265375,0.9667081296387883
0.9999999869966343,1.8071627991634987e-33,1.3003365776876095e-08
1.4198850400216535e-22,0.9999999999051983,9.48018205639318e-11
8.696690217334378e-07,0.00018377865029574813,0.9998153516806826
1.403376718358794e-23,0.9999999975327805,2.467219629717778e-09
8.669786651297561e-26,0.9999999999978979,2.1021616031304966e-12
9.083300064628954e-06,1.4596079563180035e-05,0.9999763206203721
1.2592309249319816e-10,0.9927640387911184,0.007235961082958489
2.398116275106475e-17,0.9999996782616158,3.2173838401481893e-07
0.9997934952409393,3.7461081125153587e-22,0.00020650475906076535
5.666284038629537e-07,0.000385369767625343,0.9996140636039709
0.9998728370071026,1.007732365113978e-23,0.00012716299289751033
0.9999999975352913,8.473206932759275e-36,2.464708650731649e-09
0.0012730850075770063,1.6437134549545063e-06,0.9987252712789682
1.0033785596548806e-20,0.9999999973177351,2.6822649526505457e-09
9.17874537822878e-15,0.9999852531403096,1.4746859681271695e-05
0.9999997991173256,9.692060802993465e-31,2.0088267423399541e-07
3.608047850796012e-26,0.9999999998910687,1.0893140206916641e-10
1.355006075322006e-13,0.9999382431373351,6.175686252945484e-05
0.9999999999983322,4.410817844497884e-43,1.66768087394255e-12
1.4625787720138973e-06,0.0002947076594650011,0.9997038297617629
0.9998540867672363,3.9345659851251335e-23,0.00014591323276375828
8.039609637731243e-06,2.450640293653232e-06,0.9999895097500687
3.3564305196912156e-11,0.9981785036388382,0.0018214963275974608
0.9999836550350616,7.884752986830534e-26,1.6344964938531362e-05
0.00027144369994926945,8.798409030235902e-09,0.9997285475016418
2.724023609650949e-12,0.9995183896038474,0.0004816103934284791
0.9990433124795939,1.1004822010416964e-20,0.0009566875204061526
2.1491923315776155e-27,0.9999999999997877,2.1235449442295923e-13
2.1177495868275068e-24,0.9999999999867135,1.3286470516356992e-11
2.5811298227928568e-26,0.9999999999994096,5.903521058408607e-13
2.949090985799027e-11,0.9230688516203017,0.07693114835020747
0.9999999997691678,2.656574216885155e-38,2.3083232034331075e-10
0.9999999364260337,2.519095284330718e-32,6.357396621698588e-08
6.453328839767145e-08,0.017969125104485145,0.9820308103622264
8.479916992227544e-31,0.9999999999999982,1.6758812021590312e-15
0.0005330729379896771,2.248890324669259e-09,0.99946692481312
0.9933851429144562,3.9397451396567907e-19,0.006614857085543842
0.9968988914080625,2.505206029561537e-19,0.003101108591937353
5.900731658991693e-06,4.741775874925101e-06,0.999989357492466
3.710543212907338e-24,0.9999999993875712,6.124286937930766e-10
3.1166581908502444e-06,0.05737414423404586,0.9426227391077633
0.9864166298960749,4.499701710597106e-18,0.013583370103924968
0.9933760887836282,3.368370249855147e-19,0.0066239112163718125
6.661031241110218e-07,4.989545958942683e-05,0.9999494384372865
6.987782547477527e-07,0.2888913361337648,0.7111079650879805
0.9958256874306561,8.390124754938048e-20,0.004174312569344012
7.093703783609124e-09,0.9392323851042026,0.06076760780209371
7.348995927535648e-17,0.999978019431316,2.1980568684042192e-05
0.0006092897636321671,3.252785347355294e-09,0.9993907069835823
7.530887675048195e-05,2.117284084101708e-08,0.9999246699504086
4.438968895208995e-05,2.5281017788924914e-08,0.99995558503003
3.5430013491765893e-06,0.035844457508419865,0.964151999490231
0.9999999988095702,1.6823133750270203e-36,1.1904298148289156e-09
1.6809751063726024e-06,4.1398498106816094e-05,0.9999569205267869
0.9867309996114999,6.56847123261891e-19,0.01326900038850012
0.9999527707470749,6.587446844430972e-25,4.7229252925225995e-05
1.8951880894686919e-13,0.9999035149915904,9.64850082199531e-05
5.568730840211365e-16,0.9999981536406355,1.8463593638900276e-06
3.3762248792528776e-06,2.0855754214990893e-05,0.9999757680209057
0.9972036999479633,3.3624853575893444e-20,0.002796300052036673
1.4455825643878517e-20,0.9999999927698104,7.230189563200849e-09
0.9999998361033138,1.3161487182309389e-30,1.6389668628870033e-07
3.957784991351994e-06,8.718852899816873e-06,0.9999873233621088
1.0525642814169945e-06,8.366370864044685e-05,0.999915283727078
2.618575977314041e-18,0.9999999237402375,7.62597625431698e-08
1.8167892058158563e-16,0.9999988894229171,1.1105770826520024e-06
0.999999999957347,4.249729236043826e-40,4.265292569265106e-11
6.304013531744187e-17,0.999999513169619,4.868303810126263e-07
0.011222242499560248,2.5244247794936253e-12,0.9887777574979153
3.6644796299320124e-27,0.9999999999998035,1.9643709687703774e-13
0.0002873618236152536,1.9722346941368183e-09,0.9997126362041502
0.9999018651939505,2.1168090140894097e-23,9.813480604945779e-05
5.332099618463412e-05,2.2026059988267712e-07,0.9999464587432154
3.748083677932516e-18,0.9999998592681001,1.4073189996054004e-07
0.00030314904097281076,3.0975152096648957e-09,0.9996968478615119
3.6487501923954186e-19,0.999999985908369,1.4091630961679342e-08
2.4543404429758544e-11,0.9977192755506766,0.0022807244247801456
0.9999999997426754,2.1035685465458165e-38,2.5732466879747167e-10
0.00015707702624510075,2.402546241090822e-08,0.9998428989482925
0.00012144519340022902,5.3360408161210424e-09,0.9998785494705589
0.00011978702228364388,4.301423221230852e-08,0.9998801699634842
0.9999999900245723,1.0271211152907642e-33,9.975427697826746e-09
0.0025907438686463584,6.469361866116576e-10,0.9974092554844175
0.9999999999701206,3.744699801768222e-40,2.987940621029802e-11
0.9999999998745301,1.0240066947232059e-38,1.2546993582998398e-10
4.0973690030072966e-05,0.00017623646402146963,0.9997827898459484
1.6202969412145558e-12,0.9995430725950936,0.00045692740328613526
1.0496429002327815e-05,0.0012596310528722747,0.9987298725181254
0.9999999999957068,4.555719901954756e-42,4.293330044013556e-12
0.0010663775666729166,2.09506935985062e-09,0.9989336203382577
3.51071089260052e-20,0.9999999920999162,7.900083840172265e-09
1.1607745342661679e-21,0.9999999994624342,5.375657434391266e-10
0.9999999916707897,3.879662329249732e-35,8.329210313459281e-09
0.9999999999972551,4.358587983853994e-43,2.744875761358167e-12
0.9999931515371854,6.062364743587477e-27,6.848462814757433e-06
0.9986395070344105,2.8011449388910895e-21,0.00136049296558942
0.9997545561835446,4.816451707868902e-23,0.0002454438164554309
0.9999999993973849,2.4177748733302477e-37,6.026150369066963e-10
7.049081610403284e-08,0.002217930587296415,0.9977819989218875
0.0009015487764687807,3.007766662275875e-10,0.9990984509227545
8.239125473356372e-21,0.999999998022203,1.9777969517238847e-09
0.00019961966250394686,3.268540302088412e-05,0.9997676949344753
7.0659580107797225e-25,0.999999999994232,5.767954074917941e-12
0.9716189199220703,2.1805033927982995e-17,0.028381080077929683
6.734851770629657e-06,3.182064317575372e-07,0.9999929469417976
0.9999653606948964,5.054263323107007e-25,3.4639305103654674e-05
0.9999895384426616,1.2289400881481518e-25,1.0461557338350398e-05
0.00043288922725041184,1.891396405351014e-09,0.9995671088813531
1.0103013901088287e-28,0.999999999999112,8.878677298085399e-13
2.4457759014661435e-05,9.025430735061651e-07,0.9999746396979118
0.011862323575420072,8.637558125189889e-09,0.9881376677870217
6.240450309697817e-32,0.9999999999999998,3.0797942952327053e-16
0.999999997202941,6.751036460531447e-35,2.797059063414068e-09
0.9999917548985264,6.49736532826952e-27,8.245101473669702e-06
0.9717252710759378,3.331271549800618e-17,0.02827472892406233
0.0022999331613663054,3.2428470914028615e-10,0.9977000665143491
0.9999999948144307,8.359782134349598e-35,5.185569174487385e-09
0.9975821368781482,1.7764464919792987e-19,0.0024178631218516986
1.432514910752913e-05,1.254478989120509e-07,0.9999855494029934
1.7906166064252572e-15,0.9999957117388707,4.288261127656851e-06
7.67871167584626e-18,0.9999998890816458,1.1091835410204926e-07
0.9999941405703671,1.315308232135503e-26,5.859429633013729e-06
1.7505749554728055e-08,0.11058983957763488,0.8894101429166156
0.9981500559116255,4.169177822871118e-20,0.001849944088374536
1.3403664391596813e-05,1.9407889433434753e-07,0.9999864022567141
4.100464599554347e-06,0.013025874767649343,0.9869700247677512
2.61542889427782e-19,0.9999999837848859,1.6215114161352424e-08
5.740769928303721e-19,0.9999999628179443,3.718205551818958e-08
1.1047477908479507e-13,0.9998162394332374,0.00018376056665194722
3.108465305118332e-08,0.06850204559361822,0.9314979233217286
0.9996723535121113,2.398740204229874e-22,0.0003276464878886191
0.9999999995160178,1.4498780230643448e-37,4.839822937742196e-10
1.0481585316679815e-12,0.9996696779982318,0.0003303220007200361
2.3413487455389036e-16,0.9999991158809954,8.841190044228091e-07
0.00031057860758329384,1.8889295443882143e-09,0.9996894195034872
5.318316748391238e-24,0.9999999992665807,7.334193818294766e-10
0.00011414039059660351,1.2384377921446284e-07,0.9998857357656241
2.3484194559972146e-30,0.9999999999999969,3.081505434916026e-15
0.00013233257245326115,1.2057707706391458e-08,0.9998676553698391
2.8274700162654407e-20,0.9999999952543781,4.745621890207499e-09
5.822352157149538e-13,0.9996401696915721,0.00035983030784563885
2.9722438251816424e-08,0.08179049932401646,0.9182094709535453
4.1085892139267837e-20,0.9999999870334881,1.296651195782825e-08
0.9999999999852742,5.168839625395321e-41,1.4725815490211014e-11
0.9999277484619926,5.802797749678904e-24,7.225153800723839e-05
0.9933263111486305,8.7700162224006e-19,0.006673688851369482
0.0002260606954191923,1.2500222613320265e-05,0.9997614390819676
0.000533503818144773,8.550384759493819e-10,0.9994664953268169
0.9999999999989684,1.9920039122395537e-43,1.031588412867201e-12
0.02183658644752774,2.6357914445455065e-11,0.9781634135261144
1.5814964846122167e-08,0.9116045282189256,0.08839545596610955
4.3100830828519624e-16,0.9999974744364757,2.525563523804255e-06
4.6397376983992705e-05,0.00010784769726024755,0.9998457549257559
0.9999999998173317,1.3496026952758143e-38,1.8266836154851551e-10
1.937736870150799e-05,2.120666510640427e-06,0.9999785019647878
0.9956302238003076,7.197030490923713e-19,0.004369776199692301
0.9999999999959217,4.649085331728923e-43,4.0782411963860565e-12
0.9998919541540322,4.24228185387345e-23,0.0001080458459677192
3.694728307793871e-13,0.9998106309882204,0.0001893690114101407
0.999989293132163,7.211599557094433e-26,1.0706867836938021e-05
0.00023554465461302982,4.48766826072584e-05,0.9997195786627798
1.2611609302562372e-16,0.9999185368416282,8.146315837143197e-05
9.401424418017383e-08,0.0023692220006764813,0.9976306839850794
2.837713070601778e-13,0.999826327106261,0.0001736728934553317
6.490913619371216e-33,1.0,5.926969780433829e-17
0.9999995553120532,2.32720341759926e-30,4.446879466916258e-07
1.7388996379163043e-19,0.9999999621392682,3.786073172326679e-08
3.917086518698152e-06,9.729583597504156e-05,0.9998987870775063
9.572555255862787e-06,3.4003292689888205e-06,0.9999870271154753
0.9999999999965445,9.071320452980419e-43,3.455454570976208e-12
0.9999999992642357,2.1101368008233943e-37,7.357643995112926e-10
0.999266032055453,2.9738392933634616e-21,0.0007339679445470797
0.9999999646020071,2.4178228053327773e-33,3.539799276543752e-08
2.2513283892988723e-14,0.9986163198613909,0.0013836801385864372
0.9999999999864009,1.4647306535775206e-41,1.3599134346866381e-11
1.1556483110536579e-06,0.02221687213918793,0.977781972212501
7.424634579153189e-26,0.9999999999989182,1.0817489211407245e-12
0.9999999914443515,7.478804263361868e-34,8.555648487353496e-09
6.527550826747785e-07,9.595462284051619e-05,0.9999033926220768
0.0006414611036849335,1.4731313595756348e-09,0.9993585374231836
5.8595715675609535e-21,0.9999999958177888,4.182211204981226e-09
2.319285537695203e-23,0.9999999999414522,5.854781823563819e-11
1.8829093370766458e-13,0.9999491832757263,5.081672408529424e-05
2.0198129316680058e-25,0.9999999999958433,4.156614160852766e-12
1.5584981507100233e-05,5.914124915601458e-07,0.9999838236060015
2.0016771150094306e-20,0.99999999544259,4.557410054744234e-09
0.9999999977034144,4.579960445445736e-35,2.29658563575444e-09
0.9999912930943098,2.8191443736368865e-26,8.706905690283542e-06
0.012782524751498846,3.2859726110087465e-11,0.9872174752156414
6.402379720642412e-15,0.9994266169199023,0.0005733830800913188
0.9973438410803014,1.0180956205402958e-19,0.0026561589196986033
0.9998029179392429,3.7946281906896984e-22,0.00019708206075705939
7.092482793207744e-09,0.3588850699312414,0.6411149229762757
4.1656334686792226e-19,0.999999980875531,1.9124468922533358e-08
1.3484961332052227e-14,0.9999864757287367,1.3524271249751442e-05
0.9999999999963582,3.180946431765525e-43,3.641695795354561e-12
1.199882441520246e-17,0.9999933059505224,6.694049477535271e-06
4.758610627235696e-24,0.9999999999608526,3.9147454490843126e-11
0.999970383150378,7.742735698375778e-26,2.9616849622009946e-05
0.9996865895449859,1.895986040022967e-22,0.0003134104550141646
0.99991137991418,5.760713363097292e-24,8.862008581987421e-05
2.610130978122789e-32,1.0,1.0876004880756075e-16
2.1324210478748905e-08,0.014839569930811529,0.985160408744978
0.9964971761138897,7.042956078876708e-20,0.0035028238861103747
0.0029829519928261765,8.507485583627272e-10,0.9970170471564253
7.97223718010586e-27,0.9999999999996154,3.846129093072678e-13
2.1935700448419713e-17,0.9999846044515778,1.539554842211014e-05
0.9999965119659363,3.56259542926085e-27,3.488034063723763e-06
1.2968134268046164e-15,0.9999952571943581,4.74280564067258e-06
0.00010175817109081922,1.3971023349060748e-08,0.999898227857886
0.9994726831058072,6.102269669741697e-22,0.0005273168941927903
0.00023206220091164957,1.6149020094882964e-07,0.9997677763088874
2.8014138747306487e-05,0.0008353116246253267,0.9991366742366274
8.390597521370571e-18,0.9999889020384518,1.1097961548230333e-05
2.9781474966368224e-11,0.9453619410177865,0.05463805895243208
0.9971309061488892,1.4886108186798706e-19,0.002869093851110831
0.999937776649255,3.8553677524679454e-24,6.222335074491857e-05
2.9852009045615503e-30,0.9999999999999942,5.857791310502467e-15
2.6337427090091924e-12,0.999402922908928,0.0005970770884384373
5.8896495230663494e-06,3.1708480800198385e-06,0.9999909395023968
0.9981678134562685,2.434336496920767e-20,0.001832186543731498
6.314634129330594e-06,6.515029300749962e-05,0.9999285350728631
0.0014820955007014617,7.595350340918395e-07,0.9985171449642646
1.1310258743219484e-05,0.004943320521678213,0.9950453692195786
1.669417771935188e-17,0.9999996072389828,3.9276101721345205e-07
1.0388778498576634e-11,0.964019578876608,0.03598042111300317
0.9999999997128253,6.166383440136907e-38,2.8717480423663663e-10
0.9979908769860844,5.490792539721221e-20,0.002009123013915713
0.19992391461754946,2.1117085017499877e-13,0.8000760853822394
0.9999999980384271,3.750510741551111e-35,1.961572981566491e-09
0.9999999348958137,1.677318822211679e-32,6.510418628162923e-08
0.9999999731407578,1.2424987038341243e-33,2.685924208577441e-08
0.9999633215071648,2.2663901361793235e-24,3.6678492835081817e-05
8.53264192766368e-05,3.8272687776469244e-07,0.9999142908538455
4.867869917262856e-06,0.02144152038664515,0.9785536117434377
7.884621050622796e-27,0.99999999999946,5.401046061292231e-13
2.844705099092406e-06,2.3737443423968645e-06,0.9999947815505584
2.5525898118108355e-07,0.00012775470748422536,0.9998719900335346
0.998923229769817,3.688420982500471e-21,0.001076770230182998
4.583811802737663e-20,0.9999999937442567,6.255743245539716e-09
3.804412058663434e-07,0.0003911173445421769,0.9996085022142519
0.0030405724727893073,1.4101959325164415e-10,0.996959427386191
6.206228726790776e-07,0.17481602026966636,0.825183359107461
3.3699115919760617e-17,0.9999835483409092,1.6451659090810553e-05
0.99999922897891,1.020182628116167e-29,7.71021089988708e-07
1.7957461772890527e-06,0.0004220823769767529,0.999576121876846
8.992445587342013e-21,0.999999996823475,3.176524998164978e-09
1.8650531757911478e-07,0.0003820701069010746,0.9996177433877814
0.00024266738012555098,1.022988043292165e-08,0.999757322389994
0.9977602544935396,6.630318975827763e-21,0.002239745506460489
5.825891326514954e-05,1.8923589358988266e-07,0.9999415518508412
1.2086651443347094e-20,0.9999999948275449,5.1724550642206734e-09
0.9998938743860822,3.429417488028252e-24,0.00010612561391785758
0.00025036815938117416,9.254046899452497e-05,0.9996570913716243
0.0009586386086913581,4.7514478691472404e-11,0.9990413613437943
1.2452009445840948e-14,0.9999837042591962,1.6295740791293826e-05
3.0003473790315557e-15,0.9999952843231958,4.715676801053491e-06
0.9990827199937825,1.7988878906104122e-20,0.0009172800062175551
2.583441523904102e-19,0.999999987822843,1.2177157003060175e-08
0.0004854882769122206,2.2072688557225964e-09,0.9995145095158189
0.9969204865554534,3.6461213653106106e-20,0.003079513444546583
1.1898254601940202e-06,0.00034256010326683497,0.9996562500712729
2.2539858879078305e-17,0.9999797376093916,2.0262390608477004e-05
3.459604025084585e-32,0.9999999999999998,3.317148749916923e-16
1.326666681812535e-13,0.999921408496173,7.859150369429068e-05
0.9991346913030579,7.561799977876895e-21,0.0008653086969420626
7.600673482375e-14,0.9999502963641409,4.970363578319774e-05
0.9999999999903559,2.7979269527121827e-41,9.644086751491974e-12
3.9355748583696116e-07,0.0002659948111927063,0.9997336116313214
0.9999961693362367,1.4381818173772035e-26,3.8306637633990435e-06
6.904561559006019e-12,0.99926074822112,0.0007392517719756008
0.999985761588747,8.7927296502805e-26,1.423841125314127e-05
1.5604040021275917e-23,0.9999999999188212,8.117876375372215e-11
3.040221105412454e-12,0.9994116455361466,0.0005883544608131742
0.00011070945237086558,9.433805855353718e-06,0.9998798567417739
5.920983870163008e-16,0.9999977445407736,2.2554592257324947e-06
0.9998241544512844,1.2821701960641623e-22,0.00017584554871573354
0.9999999993042716,8.36665487364544e-38,6.957284027062403e-10
0.9999999999950508,1.2203785285039374e-42,4.949098516294477e-12
0.9999998743107472,3.754460324742538e-31,1.256892527659446e-07
5.751046975503653e-09,0.08501743022562222,0.9149825640233308
0.0003793086364946719,5.025904891841077e-09,0.9996206863376004
8.141326393653039e-27,0.9999999999995337,4.663707295184182e-13
0.9999225419980359,3.2444478600588204e-24,7.74580019641925e-05
0.9999999535450877,2.564411975596132e-32,4.645491217995991e-08
0.9999996431793293,5.758332040451846e-30,3.56820670782329e-07
3.022387014389516e-09,0.9747542708200249,0.025245726157588102
0.9998755169874015,1.1638935394780524e-22,0.00012448301259860694
3.888207385100351e-14,0.9999365719619484,6.342803801263642e-05
1.8124321101442836e-06,0.05057763135285243,0.9494205562150374
2.653350874319271e-05,2.3251299507473961e-07,0.9999732339782619
0.0006987632134857404,7.586683402602921e-09,0.9993012291998308
0.0015294887057614608,1.9443679064910095e-10,0.9984705110998019
0.0011751433775287173,3.725314092514644e-10,0.9988248562499398
0.9999999962245694,8.407324016951144e-36,3.7754306402236035e-09
3.761417564163057e-09,0.9508917961243438,0.04910820011423861
0.9999990760612208,5.131651227215135e-29,9.239387792061794e-07
0.9999987282750543,1.8678400067763738e-29,1.2717249457411574e-06
1.0749675456685953e-05,8.443851122533102e-06,0.9999808064734207
4.1274469757045884e-09,0.9538983879114256,0.04610160796112733
0.00010470153429887696,9.841998631841852e-09,0.9998952886237024
4.186207269004274e-16,0.9999353249557279,6.467504427168576e-05
5.125944521248753e-06,3.4983394666777405e-06,0.9999913757160122
4.0646986391797396e-07,0.0005128209862052332,0.9994867725439308
5.588384630103531e-06,8.967913534398707e-06,0.9999854437018356
7.391555780263728e-14,0.9998555478748381,0.00014445212508790219
7.711012948546648e-08,0.012653903540133358,0.9873460193497372
0.11382758215480634,4.737311517725127e-12,0.8861724178404563
2.7520653224950454e-11,0.9290836389582422,0.07091636101423716
0.00088604939824322,1.6546224324202338e-10,0.9991139504362945
0.0005323743864898752,2.6349591711485212e-09,0.9994676229785511
1.8181635982021195e-20,0.9999999947354439,5.264556011726615e-09
0.9999985911929029,2.296068925429706e-28,1.4088070971525025e-06
1.9705995140657746e-06,0.022355201594908742,0.9776428278055772
1.1360966136036964e-32,1.0,9.485741671361752e-17
0.9999955948850734,9.148575745896241e-27,4.405114926626369e-06
0.9999999339174718,2.863775040478675e-32,6.608252814361357e-08
0.9938369663734891,7.627757525112852e-19,0.00616303362651083
3.947424992679263e-12,0.9996384538296362,0.00036154616641636146
1.2582529709772887e-05,1.410951810337824e-06,0.9999860065184798
6.168744595193717e-08,0.7927112509941973,0.20728868731835673
4.236720418980125e-08,0.010174308062022418,0.9898256495707735
0.9999885648400609,1.0877001456865809e-26,1.1435159939099802e-05
2.8022456899562947e-10,0.9192177574220876,0.0807822422976879
2.7740436419750457e-06,2.810547126520975e-06,0.9999944154092314
7.206685998760554e-09,0.04906091404129833,0.9509390787520157
0.999988100366429,1.1064088372115135e-26,1.189963357094799e-05
0.00013519954706711485,1.6783329552803954e-08,0.9998647836696033
8.217833478938244e-32,0.9999999999999996,5.437436903027826e-16
0.004882325709407468,5.164151302315592e-11,0.9951176742389509
6.151225623366066e-07,0.0028677154962076113,0.9971316693812301
3.365316524325867e-05,0.0007340705660064305,0.9992322762687503
0.0014133232591497197,2.391198317892056e-10,0.9985866765017304
0.9999994345698713,2.6987192584873396e-29,5.654301288028659e-07
0.9953263061092551,4.848388571054562e-19,0.004673693890744987
0.0033231958428175954,5.1877825172867905e-11,0.9966768041053046
8.121338672398095e-06,5.406617054172455e-07,0.9999913379996221
1.1987386001541117e-05,0.00148479433961927,0.9985032182743793
0.00028076192905089403,3.5939096464173488e-09,0.9997192344770394
0.9999999999960978,1.081725445878192e-42,3.902235501550119e-12
0.00036550506414648307,2.184870488839811e-08,0.9996344730871486
5.5476128673894934e-08,0.005751892684110107,0.9942480518397612
5.177550199469799e-09,0.9419469318420598,0.05805306298038997
0.0006578278373419828,8.746861754153054e-09,0.9993421634157962
0.0026479159784215385,6.625839285586956e-11,0.99735208395532
3.563440863951919e-14,0.997874012216768,0.0021259877831963305
1.1299475321897887e-16,0.999989229615707,1.0770384292665446e-05
6.1283087603343035e-18,0.999995154273714,4.845726285968588e-06
8.041408969402502e-08,0.0051671377828370665,0.9948327818030733
0.9999981237485962,1.8640812249744102e-28,1.8762514036718531e-06
5.859444690223317e-05,2.928155656797428e-07,0.9999411127375321
1.4644951944245187e-08,0.8415261974760746,0.1584737878789734
0.9999782612794983,1.6681578035932274e-25,2.1738720501747505e-05
0.9987756785726597,1.3528476254343181e-20,0.0012243214273403046
7.214039260397379e-06,4.593691527486596e-05,0.9999468490454646
0.9873635051862516,1.0214846946017084e-17,0.012636494813748539
0.999956848727392,7.9874882706358e-24,4.3151272608077544e-05
1.1528375188228593e-07,0.005830446671186646,0.9941694380450614
1.9279084730594712e-23,0.9999999999167299,8.327013595236407e-11
0.9999999995337714,4.684013563476501e-37,4.662286449368434e-10
2.003731933363283e-05,2.713915334631718e-06,0.9999772487653317
3.2672135133016168e-25,0.9999999999930174,6.982690282904045e-12
0.9999994931990984,9.165811914033288e-30,5.068009015802888e-07
3.0566627493910354e-11,0.9979551552626722,0.0020448447067611415
1.4528791825126125e-07,0.01233230175171767,0.987667552960364
0.9999969846364857,9.348883049831518e-28,3.015363514277201e-06
0.9999603309753781,2.375591859609934e-24,3.966902462199155e-05
0.9989188929800172,6.2554035972909745e-21,0.001081107019982735
0.9998523171014958,4.4188540074957525e-23,0.0001476828985041786
0.9999816670653738,3.4805927210636657e-25,1.8332934626182305e-05
3.4627600026944565e-15,0.9999921496044173,7.850395579152308e-06
2.0617910353172193e-22,0.9999999996347744,3.6522573261241524e-10
4.900591555856575e-08,0.005072625142105159,0.9949273258519792
7.525641026761443e-06,0.014723473877839103,0.9852690004811341
0.9999984854178314,3.5504179433627846e-29,1.5145821685257533e-06
1.8282424030188304e-14,0.9999641471710431,3.585282893870243e-05
5.256821440953292e-09,0.9479640198992578,0.05203597484392072
7.361177698995756e-33,0.9999999999999998,1.184131522674145e-16
0.9990834720073318,4.284510069076189e-21,0.0009165279926681093
1.1324557520693233e-12,0.9906266023384154,0.009373397660452393
0.0019947065136525955,2.2854279276258567e-10,0.9980052932578046
4.780818380522898e-33,1.0,8.86437405290123e-17
0.999999999752176,1.845314481043778e-37,2.478240793949956e-10
2.737851704619131e-29,0.9999999999999916,8.530748121650996e-15
1.8542457290931684e-05,0.005387892341404014,0.9945935652013052
0.9995279755126386,2.7009552090233786e-21,0.00047202448736140615
9.294744729843962e-13,0.9996105681229694,0.0003894318761009397
2.6130067334676e-29,0.99999999999998,1.9962324817685547e-14
2.905781238203512e-15,0.9999934866647384,6.513335258805612e-06
7.561023759019587e-07,0.00014259575249589115,0.9998566481451282
5.525804282002334e-22,0.9999999996401561,3.5984390251493855e-10
1.2638870522567488e-22,0.999999999890592,1.0940804288040261e-10
0.9999999988285058,1.2882465907945164e-36,1.1714942009218648e-09
2.0296593367419407e-22,0.9999999995761206,4.238792951888399e-10
2.7071601058980114e-17,0.9999997643075274,2.3569247271288446e-07
0.9999999537473733,5.37927956977517e-33,4.625262665501897e-08
4.985963020816954e-22,0.9999999996838747,3.161254256097832e-10
0.015978214061058565,6.694071857448809e-12,0.9840217859322474
9.497884926571018e-09,0.10938819003406008,0.8906118004680549
1.8410527641851295e-16,0.9999982602871319,1.7397128679289718e-06
0.0015112209997793437,4.834841298583273e-10,0.9984887785167365
1.8144149664563316e-13,0.999842947354047,0.0001570526457715378
0.9991302316343246,3.3709901855753255e-21,0.000869768365675523
0.9999999999859233,8.915391172258979e-41,1.4076670057269252e-11
2.92313974060719e-18,0.9999999053093814,9.469061859652216e-08
0.0010709538263869896,5.513433411935887e-10,0.9989290456222696
0.9999980012376226,3.981906840742564e-28,1.998762377399742e-06
8.760088885983714e-18,0.9999995693256175,4.3067438248576635e-07
1.3720294595714978e-21,0.999999975654121,2.434587898615371e-08
4.151544743466647e-08,0.715044284781128,0.28495567370342456
6.092896556281472e-30,0.999999999999992,8.09409477112357e-15
1.0588794412764618e-11,0.9987644212523827,0.0012355787370283368
1.2660033690116529e-14,0.9999799972847736,2.0002715213786384e-05
6.976557703458182e-13,0.9977260521606514,0.002273947838650892
2.5573495526139715e-12,0.9860422027675422,0.013957797229900483
3.376232097556026e-05,1.4574131297202415e-06,0.9999647802658947
5.304251386492041e-18,0.9999997449190472,2.5508095285075734e-07
1.320888108140021e-22,0.9999999996960698,3.0393014644754666e-10
5.5201200674834976e-12,0.9654057050866965,0.03459429490778331
4.191337860838784e-07,0.00018017638174419964,0.9998194044844698
0.9999999752078312,2.5234982122220234e-33,2.4792168768806128e-08
0.9999999970066735,5.984004822334617e-35,2.99332657516431e-09
0.9777520185721469,1.5051201580502113e-17,0.02224798142785299
0.9999994099302789,3.0759915455890927e-30,5.900697211667843e-07
5.044572761918479e-06,5.2138242300194165e-05,0.9999428171849378
9.83152242591787e-28,0.9999999999919178,8.082210443738287e-12
5.565390269947318e-28,0.9999999999999196,8.04162560768815e-14
1.2617466561463435e-08,0.05161042649159165,0.9483895608909418
0.999972932711698,2.201618883655499e-24,2.706728830205431e-05
0.9999999997286819,1.8958446035165386e-38,2.713179685312671e-10
5.6584838958251565e-06,0.00184037835622317,0.9981539631598811
2.339610919425237e-06,0.04700577783269676,0.9529918825563838
2.044388367619046e-05,1.2676407299560431e-06,0.9999782884755939
2.6586016431260518e-08,0.011327185246237891,0.9886727881677457
1.8581404458877637e-06,6.015274246830729e-05,0.9999379891170859
2.702641735079606e-07,0.24604143105570317,0.7539582986801233
4.78275312070333e-15,0.9993945634153618,0.0006054365846333536
1.0843088900331667e-16,0.9999994428183143,5.571816855468589e-07
0.9999332112652989,7.019492219338445e-24,6.678873470108727e-05
4.324738087618532e-12,0.9626346120672671,0.03736538792840818
0.9999999979069576,1.0193162799104028e-35,2.0930424314937975e-09
5.1090325273406475e-27,0.999999999999521,4.788587973781477e-13
2.2172084133500437e-15,0.9999902710278195,9.728972178283406e-06
5.897759878884124e-11,0.889147188690009,0.11085281125101333
0.9999938903990104,8.625344384100306e-27,6.109600989564229e-06
3.82154496980896e-07,0.00019351425444304418,0.99980610359106
0.9999999999959439,6.146279539084964e-43,4.055995158956175e-12
0.999999974026119,1.3408554814222632e-33,2.597388112909058e-08
1.2456212760484298e-26,0.9999999999718041,2.819583178575179e-11
6.967694021266825e-16,0.9999980476072314,1.9523927678042195e-06
8.874178414070157e-05,3.538228305979395e-09,0.999911254677631
0.9978071461126612,3.3065339757668876e-20,0.002192853887338823
0.999999999295413,1.1293751710259156e-36,7.045870942147347e-10
0.9916189613184406,4.550174946032253e-19,0.00838103868155929
0.997672502647927,2.6879514404937102e-20,0.002327497352073018
5.965353035408546e-32,0.9999999999999998,2.3726183565137196e-16
6.228716218375084e-25,0.999999999993932,6.068062416995671e-12
2.935365277721982e-05,7.971955100977544e-07,0.9999698491517126
0.9999979115492739,7.533486522813189e-28,2.088450726207879e-06
1.3927647647928555e-14,0.9999917463419751,8.25365801086845e-06
3.740184690871746e-27,0.9999999999998923,1.0773763183633509e-13
0.9999999989689212,3.907156421971009e-37,1.0310788815716582e-09
0.9999994585704735,8.022541487790964e-30,5.41429526554679e-07
0.0004941386002675779,8.995318590868764e-06,0.9994968660811416
4.7019152688870245e-07,8.54014591378801e-05,0.9999141283493351
0.0017486480836687648,2.775911536421739e-10,0.99825135163874
5.06448199125853e-09,0.9231087510639252,0.0768912438715928
0.0024590371452023444,1.8850793878634277e-10,0.9975409626662897
1.250773856833446e-24,0.9999999999932359,6.764173850973027e-12
0.999856699244388,3.0247452272254597e-24,0.00014330075561202771
0.0001644231983471534,1.1845586696041176e-08,0.9998355649560663
8.115917973957932e-23,0.9999999997844671,2.1553284710933942e-10
0.002178897698670217,3.8566001856471195e-10,0.9978211019156696
3.960406852734105e-09,0.9606551188450833,0.0393448771945099
0.9999968460754131,8.332455029874176e-28,3.1539245870297833e-06
0.9999999987340211,2.6218356344413335e-37,1.2659788096149992e-09
0.999990293278192,8.595816149485796e-27,9.706721807951332e-06
1.386817228171652e-05,0.012366352491872382,0.9876197793358459
0.12474232118797349,6.88648639752613e-13,0.8752576788113378
4.664206287008425e-09,0.30664022687572207,0.6933597684600717
0.011868168566980614,3.6951552272590265e-11,0.9881318313960678
5.198042903685797e-10,0.9857060743600451,0.014293925120150413
8.554737968737384e-08,0.6672301978134664,0.33276971663915395
0.9999349716997151,5.004883326159435e-25,6.502830028496512e-05
5.545767076494357e-10,0.9725137447205052,0.027486254724918148
0.9993380204405077,4.7014181784323225e-21,0.0006619795594923132
0.9999938963486853,1.5811030998316447e-27,6.103651314643113e-06
0.9999999681605193,1.2266686665440295e-33,3.18394806631168e-08
2.9202896148196737e-24,0.9999999999874483,1.2551649816048657e-11
2.622430070998088e-07,0.0013083341344121988,0.9986914036225806
1.5569498069286681e-18,0.9999980978361329,1.9021638670159182e-06
3.3396307102291813e-06,2.2782088580983728e-05,0.9999738782807087
1.3384585716300521e-05,0.009531124061221544,0.9904554913530621
0.9999981732724155,1.5610855564182e-28,1.8267275844201763e-06
0.999999999733292,5.012437082114628e-38,2.667079589612536e-10
0.9997629863118277,1.083615150004755e-22,0.0002370136881723988
3.398384766214709e-08,0.006426999798911214,0.9935729662172412
9.687036978618857e-05,7.774928174229816e-07,0.9999023521373965
9.729084473827684e-06,0.003572986681204264,0.9964172842343219
3.6354391438229537e-06,3.094234353080465e-05,0.9999654222173254
0.9999999703849407,2.3033928213725535e-33,2.9615059361121664e-08
0.9999976665633608,1.507687670103217e-27,2.3334366392430476e-06
1.3193610550416037e-14,0.9999891490703438,1.0850929643047375e-05
1.0719565251464476e-26,0.9999999999990603,9.397527633016603e-13
0.0002894988471668002,2.2103217300514977e-09,0.9997104989425114
4.934575616935115e-25,0.9999999999896743,1.0325781600616136e-11
0.9822593747917455,1.379416325662144e-16,0.017740625208254195
0.0016264479703104878,1.3337808165247095e-06,0.998372218248873
0.00036049404191103096,2.1804484399071113e-09,0.9996395037776405
2.6314797734108794e-05,0.0002730623345871224,0.9997006228676789
1.595492355889652e-30,0.9999999999999973,2.659387026782043e-15
0.9997095346423939,1.6537285685652231e-22,0.0002904653576062335
2.351419064911426e-26,0.9999999999991631,8.368580078634311e-13
3.4551892701906397e-09,0.9299901149622714,0.07000988158253933
3.724679433471235e-14,0.9999412417540681,5.87582458946006e-05
0.9999999873538447,6.078705282361671e-35,1.2646155266223733e-08
0.9999999968919935,4.3413782525352066e-36,3.1080065164237906e-09
0.9999999965978581,3.080518723808252e-35,3.4021418304156244e-09
0.9999999999964684,1.996608024697229e-42,3.531694370884559e-12
1.9512596686472636e-22,0.9999999998262425,1.7375750580249796e-10
0.9999999999986013,1.8380699945561415e-43,1.398617561961193e-12
1.2549556575111898e-08,0.9230760525256316,0.07692393492481188
9.476733191886271e-05,3.4263236198152356e-08,0.9999051984048449
5.233008701537015e-21,0.9999999989304706,1.0695293057729976e-09
0.9999947638654182,1.1012784454610192e-26,5.236134581868045e-06
0.9999999989073114,1.859983410277788e-36,1.0926886625719007e-09
2.3554233111264112e-08,0.012110610244130151,0.9878893662016367
0.9999999978041834,5.242157268374348e-36,2.1958165953794482e-09
2.80562095081538e-29,0.999999999999976,2.4009426098630546e-14
1.4251050503841191e-12,0.9996588503977876,0.0003411496007874242
1.0576684113714974e-11,0.9989898934834198,0.001010106506003555
4.1028976911672726e-05,3.351929615219897e-07,0.9999586358301267
4.37260013951286e-19,0.9999999695107276,3.0489272310389066e-08
4.313418803454506e-16,0.9999191220187595,8.087798123996223e-05
1.9363746558597707e-11,0.9973878731491457,0.002612126831490525
2.9566500688050655e-08,0.012222491243957266,0.9877774791895421
1.1891084243945686e-20,0.9999999965985109,3.4014890568258606e-09
0.9999626148685544,6.338541380965451e-25,3.738513144550231e-05
1.4046200250987815e-15,0.9999975212115355,2.478788463272077e-06
0.9914404390363932,2.9714117486221014e-18,0.008559560963606678
0.9913735568884746,1.0672716402396615e-18,0.008626443111525457
7.473127459177709e-05,0.0002965188087092051,0.999628749916699
3.5217963889738413e-06,0.06085858583758595,0.9391378923660251
7.837930450692173e-20,0.9999999867450236,1.3254976597465487e-08
3.0961261319209256e-09,0.9572589626998542,0.04274103420401957
2.707534753195539e-10,0.9914611648346585,0.008538834894587918
5.998304444176989e-28,0.9999999999998821,1.1788313039561574e-13
3.682749937926406e-23,0.9999999954721375,4.527862429912397e-09
8.925024684379818e-09,0.05029958413742886,0.9497004069375465
1.4378430179154352e-08,0.8356051288173252,0.16439485680424465
0.9890605340252341,1.546744867150683e-18,0.010939465974765843
0.9999839369446887,1.5858872935661888e-25,1.6063055311396985e-05
1.098810552324501e-06,0.00011653126754294148,0.9998823699219046
1.7108952759352976e-05,2.617724659981913e-06,0.9999802733225808
0.9999999653840511,1.1658699629087637e-32,3.4615948960464675e-08
0.00020423831974202244,2.8649758207138306e-09,0.9997957588152822
0.999999504103977,2.364419631799163e-29,4.95896023111513e-07
5.2101824153813474e-05,1.1420444791297665e-07,0.9999477839713982
7.601655734608705e-16,0.9999966327866302,3.3672133691059145e-06
0.9999836692974351,2.1252990764222025e-25,1.633070256495956e-05
0.9997300117048801,4.408149166696261e-23,0.00026998829511994094
9.363651772721162e-19,0.9999985359691188,1.4640308813092104e-06
0.9999981377376684,1.0242642263467593e-28,1.8622623316312991e-06
0.000738061030058604,1.6597421899922705e-09,0.9992619373101992
0.0004233067831974712,8.363239189351649e-06,0.9995683299776131
0.9999999987777608,2.8324216343265372e-36,1.222239122121865e-09
4.420091669771966e-14,0.9975139182605443,0.0024860817394114078
0.9999857139566056,2.498078813131798e-25,1.4286043394392836e-05
0.9999999940043893,1.7148656406484193e-35,5.995610719755635e-09
3.707531173147557e-05,2.3179233594781037e-07,0.9999626928959326
4.258754515309275e-09,0.9183855755207215,0.08161442022052405
1.962202021396172e-12,0.9990998676974069,0.0009001323006308432
6.480802909087148e-10,0.9817291879065124,0.018270811445407154
2.608146474760731e-24,0.999999999976853,2.3147147681356668e-11
0.0003663991058610051,1.585656763409072e-05,0.999617744326505
2.0862280545622484e-20,0.9999999962583725,3.741627375415677e-09
0.9998707707159674,2.0990704599579795e-22,0.00012922928403266554
0.9999967219143739,7.530856545878304e-27,3.278085626073227e-06
0.0005982532760529864,1.2843650789237863e-09,0.999401745439582
0.9999999605991108,2.9407052698603953e-33,3.9400889235888535e-08
0.9999999991608708,3.926033329439731e-37,8.391291675691285e-10
6.075552584990274e-17,0.9999995358522416,4.6414775841676817e-07
1.0188420613450877e-22,0.9999999999243285,7.56714366336102e-11
0.9999999954535563,2.1231816144070963e-35,4.546443668506719e-09
3.8628984321507353e-31,0.9999999999999987,1.4420546773257678e-15
1.0918394483232734e-05,5.500264506031698e-06,0.9999835813410107
0.9999999987698605,1.864454704836894e-37,1.2301395886452468e-09
0.9999999991595983,6.9481538580865205e-37,8.404017671993878e-10
0.9999999996145916,7.059419796064208e-38,3.854084073411288e-10
0.9999999989387609,3.121430645760906e-37,1.0612391335600602e-09
0.9999973210209394,2.1096036332143597e-28,2.6789790605283317e-06
1.2247565275318277e-05,1.2977197820722818e-06,0.9999864547149426
8.402797688142935e-06,5.327217078940045e-06,0.9999862699852329
0.9999069004454435,2.720754815380204e-24,9.309955455657937e-05
4.816789025121385e-11,0.9558603123348571,0.044139687616974996
4.7242618124847936e-17,0.9999995070922094,4.92907790606108e-07
0.997686976196606,9.115214570451262e-20,0.0023130238033941654
0.9999999997627791,1.0298175703457626e-37,2.3722087868869686e-10
0.9998852495291686,2.0591330180521076e-23,0.00011475047083143937
2.7347448015724506e-18,0.9999998274295694,1.7257043058470498e-07
0.9999993185336994,2.8208855365872255e-29,6.814663006428928e-07
2.020660742399186e-21,0.9999999456001541,5.439984598258234e-08
0.0012573121737361008,7.341608278829859e-11,0.9987426877528478
0.00012679046161913197,3.1425079055077325e-08,0.9998731781133018
2.844647404504531e-07,0.002031574432362695,0.9979681411028968
5.806272508103891e-24,0.9999999999722882,2.7711799222643218e-11
3.2987971875359344e-06,3.561405104646589e-06,0.9999931397977079
0.999999998742523,1.2946354779486367e-36,1.2574769378334406e-09
0.0006975512662454551,4.024649145979744e-09,0.9993024447091053
0.010524784365465585,1.9621097706471428e-08,0.9894751960134367
8.249453705020738e-06,3.6983229015055145e-06,0.9999880522233934
0.999987301992882,2.924634318482012e-26,1.2698007117965042e-05
3.345450357859907e-06,7.741206259390548e-06,0.9999889133433827
0.00029531690570271693,1.0928671558106019e-09,0.9997046820014301
2.4347841164535214e-16,0.999998853141682,1.1468583177788528e-06
0.001540597467888709,4.860472908679988e-10,0.9984594020460641
0.0010210830725311687,2.4681464440688095e-09,0.9989789144593224
1.5762695696847985e-05,1.0845088718841146e-05,0.9999733922155842
0.9999694105602036,9.34532140927309e-25,3.0589439796331956e-05
0.9999999999962816,1.1747879656071381e-42,3.718375210516154e-12
0.9999766890204873,1.151664565702664e-25,2.3310979512640193e-05
5.6942957986951946e-12,0.9994434967163837,0.0005565032779221497
0.9888001010985997,1.5549867182372568e-17,0.011199898901400232
0.99999946973943,1.9689763381145927e-29,5.302605701388391e-07
0.9900683878093692,5.049923750537182e-18,0.00993161219063072
6.760178328432125e-23,0.999999996566509,3.4334911393043812e-09
5.671766757333242e-23,0.9999999999082565,9.17434424363524e-11
0.0015737905853028806,2.2323720230067289e-10,0.9984262091914599
0.00024327193294977086,9.132984056617801e-08,0.9997566367372096
0.007159527182197097,6.299310992235648e-08,0.9928404098246931
1.4818324538344576e-15,0.9999935404504255,6.459549572887671e-06
0.9999441812112939,2.4624163149468598e-24,5.581878870615922e-05
0.9999999999975562,1.7202270908196733e-43,2.4439047172810365e-12
5.996312304396639e-08,0.03824173705816726,0.9617582029787097
2.6838949569829105e-09,0.06583555055023528,0.9341644467658697
3.526640141032292e-11,0.9425484279567126,0.05745157200802096
8.996988571495198e-07,2.962100119910978e-05,0.9999694792999436
1.0074050933308128e-20,0.9999999989404564,1.0595434854216205e-09
2.6852400267638965e-06,3.841436432138169e-06,0.999993473323541
0.9960721981648191,9.942718999290963e-20,0.003927801835180994
0.9999999995973963,9.068202253058369e-38,4.0260374572307515e-10
3.1188546946693693e-21,0.9999999990841695,9.158305987089999e-10
3.1493547943860345e-21,0.9999999993239035,6.760965648704096e-10
9.43630862567133e-12,0.9664698936655807,0.03353010632498305
5.606762906298136e-11,0.9979223521935051,0.0020776477504272
0.000269908802718168,1.230746454354129e-09,0.9997300899665355
0.00015898378825451184,5.230211532545152e-09,0.999841010981534
6.857676120697986e-05,0.0001226651036485386,0.9998087581351444
1.1512675606619946e-05,2.3235275826955104e-06,0.9999861637968107
0.9999999997078963,4.144314672686471e-38,2.9210374871281723e-10
7.73232137185232e-20,0.9999999934248469,6.575152950056092e-09
8.308106746696109e-11,0.9954997788580692,0.004500221058849902
0.9999999984280337,1.8540100166292786e-35,1.5719662575269283e-09
0.9978448057125708,2.1922851735683826e-20,0.0021551942874292558
1.720021772150235e-07,0.49181082816899907,0.5081889998288238
0.0009362532830174307,1.980572427664896e-09,0.9990637447364102
4.7490065856192576e-06,0.01568081111852006,0.9843144398748944
0.0016999969750508687,3.746852621487752e-10,0.9983000026502639
2.1599964216772512e-06,1.6235983340355855e-05,0.999981604020238
3.990209420878043e-13,0.9997540649594401,0.0002459350401610841
4.04086464123392e-07,0.0010334139646012482,0.9989661819489347
1.1235540442988108e-16,0.999999392507614,6.074923857711589e-07
3.0257603464655502e-18,0.9999997487512203,2.5124877963078273e-07
1.3502686104943535e-08,0.8571866749423198,0.14281331155499402
0.9999985775462811,3.152838386965537e-28,1.422453718843576e-06
0.9999999985587766,1.0453337516144943e-36,1.4412234155229007e-09
0.0015677906707001546,7.94620197887822e-10,0.9984322085346795
1.3218693158067076e-29,0.9999999999999909,9.031907192816018e-15
0.002917014236779053,8.117225530276262e-10,0.9970829849514985
1.664961659033923e-25,0.999999999992722,7.277960830811064e-12
0.9999660393215307,4.768939693851173e-25,3.396067846933566e-05
0.9999999962335027,2.390023628326249e-35,3.766497251509131e-09
0.039907314069897365,1.463136489648384e-11,0.9600926859154713
9.185739819996805e-06,6.866237142301538e-07,0.9999901276364658
7.999650520460979e-05,3.8835656857692024e-08,0.9999199646591386
9.564237419429417e-08,0.021573357689338758,0.9784265466682871
2.2296295477795803e-06,0.00028526472317633644,0.9997125056472759
0.9999999999165041,2.1586775387284078e-39,8.349587734153973e-11
3.277361580795353e-09,0.9372435182448727,0.06275647847776573
0.9999999999909124,1.2819557756792347e-41,9.087659288330458e-12
0.9999999983409869,2.515430387763187e-35,1.6590132245944191e-09
0.9999993165870878,3.097313558698111e-29,6.834129121043109e-07
0.9999928568521117,6.3735510078172374e-27,7.143147888278797e-06
0.0004045271797705176,3.5962427156687092e-06,0.9995918765775138
0.9996008557240085,6.417457263400464e-22,0.000399144275991504
9.123640679678912e-18,0.9999994610648277,5.389351722326477e-07
0.9992128175830057,1.0238054532205104e-21,0.0007871824169942314
6.387851065001956e-33,0.9999999999999998,1.1573455822806779e-16
7.788242274268929e-07,0.00015195879492925463,0.9998472623808434
4.3597876527389485e-05,3.403640299326715e-07,0.9999560617594427
0.9999892054614478,8.859546187923062e-28,1.0794538552371681e-05
3.8035078690785446e-32,0.9999999999999998,2.068523855401845e-16
1.1386465247216892e-22,0.9999999998957558,1.042441222619723e-10
1.0139015568147163e-14,0.9999841332955853,1.586670440438891e-05
5.435763291584389e-05,2.6772753428200165e-07,0.9999453746395499
0.00011117753807314143,0.00013741727894494606,0.999751405182982
9.315329084689415e-13,0.9997773921031957,0.0002226078958727701
0.9999425812301167,1.0116156584539975e-24,5.7418769883310184e-05
0.0033930411651965703,3.862686221588876e-11,0.9966069587961764
0.9999999996295355,8.981003234907588e-38,3.7046452504972485e-10
3.219471172776113e-08,0.021076642702348932,0.9789233251029393
0.9999999999970466,3.593805128071823e-43,2.953489059129051e-12
0.9999834801267798,3.8997475019178664e-25,1.6519873220105337e-05
0.9999999991591442,9.606240107045383e-37,8.408557831771416e-10
0.999999999991934,6.290388957768653e-42,8.06603094515434e-12
0.9999999999987208,1.0433890797738286e-43,1.279142103070753e-12
1.704732838222622e-21,0.9999999551901255,4.480987438841662e-08
0.9999999983290415,3.546642685799078e-36,1.670958569050207e-09
0.9999919082026772,1.4515728020364592e-26,8.091797322696603e-06
0.9999998996925638,9.78689401448929e-32,1.0030743639604441e-07
3.1244335789499214e-24,0.9999999999905615,9.438347919355065e-12
7.502605668754911e-26,0.9999999999983402,1.659860513487762e-12
0.9726150890594412,2.0724677326973452e-17,0.02738491094055875
0.004107044023436864,2.3286573883296697e-11,0.9958929559532765
0.9999999502926198,4.250716791390282e-33,4.97073801217758e-08
5.3779970921081534e-06,1.3282037890930501e-05,0.9999813399650169
0.9999994470983722,1.6430799074660523e-29,5.529016279113231e-07
1.0327726695814612e-29,0.9999999999999911,8.947114966658271e-15
4.332117666639585e-17,0.9999997257777306,2.742222695217143e-07
1.5669054453847127e-05,0.0004844869279534921,0.9994998440175927
0.9999999999137763,1.5902782008519146e-39,8.622365088557034e-11
0.9999999993878386,3.1253273986166325e-36,6.121614476424805e-10
0.99999999999857,1.0349726587757662e-43,1.429870690825628e-12
0.0003917244576912185,8.452550193873914e-09,0.9996082670897586
5.0415104057089017e-26,0.9999999999992033,7.967878466886889e-13
2.011209263534417e-07,0.00032490291494270934,0.999674895964131
0.9992630848387235,3.6359582013473194e-21,0.0007369151612764194
7.89348711758917e-06,0.01014275236028286,0.9898493541525996
0.9999971164965918,1.145608952647703e-27,2.8835034080830817e-06
2.726601350377078e-07,0.5660269001490039,0.433972827190861
3.110355405942645e-07,0.00012686199947214245,0.9998728269649874
3.804075491746884e-17,0.999999364487953,6.355120470479389e-07
4.692668160282257e-17,0.9999992953695216,7.046304784024498e-07
0.9999982188146026,5.974915007429707e-29,1.7811853973824456e-06
1.4065954465841354e-07,0.004904269466591294,0.9950955898738642
0.999854751564143,2.8957334410313037e-23,0.00014524843585683132
7.737448614402141e-31,0.9999999999999987,1.346332294875079e-15
4.4917427364318175e-13,0.9998410565239807,0.00015894347557003787
0.9999999792796224,4.232112834946164e-33,2.0720377631461928e-08
0.9999743063269465,8.825337250877026e-26,2.5693673053429785e-05
5.323159472917438e-09,0.9634353220773608,0.03656467259947984
3.6003849544689493e-11,0.9952490211174173,0.00475097884657892
0.0004169333010729392,1.9802407446299663e-08,0.9995830468965197
0.00014231420352170786,5.479173761159504e-10,0.999857685248561
0.9999999538376462,7.01052912834437e-33,4.616235370284895e-08
5.125336527032411e-06,0.008210933596077236,0.9917839410673958
0.00016686477278065007,2.621392062710142e-07,0.9998328730880132
0.9999976155512057,2.2285463572308743e-28,2.3844487943645903e-06
8.044106460818462e-05,4.554411858803389e-08,0.9999195133912733
4.236843288316761e-27,0.9999999999997466,2.534435401877303e-13
0.9612614428157361,2.5960086198119198e-17,0.0387385571842638
0.9998502757461423,8.890803105662405e-23,0.00014972425385770868
0.00014062319711765983,4.941901095491222e-09,0.9998593718609813
1.252551156964977e-11,0.9979587784165773,0.0020412215708972676
1.1611777560165983e-05,1.6298129587250003e-06,0.9999867584094811
9.611161783473228e-08,0.7359622003670778,0.26403770352130435
0.9995948875012269,3.611251805449217e-22,0.000405112498773144
6.0317750364690344e-05,5.1097883620541055e-09,0.9999396771398469
0.013064448701930988,1.1442884751526304e-10,0.9869355511836402
7.620461348713321e-19,0.9999999606109033,3.938909661606746e-08
3.0041772202233985e-11,0.9991978015325464,0.0008021984374117191
7.186407610257148e-05,1.1444001971598412e-08,0.9999281244798954
0.9999944063854702,7.026208241688892e-27,5.593614529883943e-06
1.9155582819996924e-05,1.7495977114211994e-07,0.9999806694574089
0.9999999966879518,9.32474634000866e-36,3.3120482164037404e-09
0.9999805610475703,7.699678843736873e-25,1.943895242977434e-05
0.9999999996847984,2.1204685189239963e-37,3.152015997563084e-10
0.00024754142872363276,4.6859575336459e-08,0.9997524117117009
1.3410665843566568e-21,0.9999999988941117,1.1058882460278624e-09
1.9774253469473502e-07,0.0014677122172477252,0.9985320900402176
0.9999999961192687,1.9711276339541546e-35,3.8807313262256154e-09
0.9997093456308673,1.4493657809419393e-22,0.0002906543691326341
0.0005353426389660233,1.5801392780443675e-05,0.9994488559682535
2.103952857451305e-17,0.9999893971358856,1.0602864114483719e-05
0.009845967891250586,1.7805878827601424e-08,0.9901540143028705
7.712004779542908e-05,1.3322740742200608e-07,0.9999227467247973
0.9999999878892242,2.2846665220424645e-35,1.2110775890524064e-08
2.127845637783978e-10,0.9877422971302519,0.012257702656963429
0.9999999998340818,7.889834278970375e-38,1.6591806317613726e-10
0.9999999988135693,6.94214237311357e-37,1.186430777187839e-09
0.9996951132905173,6.382447883454077e-22,0.00030488670948272423
0.9999999995954927,6.572839437240923e-37,4.0450720840706713e-10
1.553937665758365e-30,0.9999999999999982,1.7006747713529815e-15
7.3501229126346e-06,1.6644325916966512e-06,0.9999909854444957
0.9999978437804248,2.7496572096313926e-28,2.156219575198001e-06
4.76030177988218e-17,0.9999994152198468,5.847801532121743e-07
0.0001239807970227003,5.433169427430856e-05,0.999821687508703
0.9999999999879094,4.2955106546732513e-41,1.2090526722308802e-11
1.6486981978146022e-16,0.9999394405003783,6.05594996213838e-05
1.0066472065887021e-05,1.1017916219736823e-06,0.9999888317363121
1.964136816338976e-06,0.10800474979167517,0.8919932860715085
8.67446494900099e-11,0.994144911068791,0.00585508884446427
0.9999999997285505,3.41197495516976e-37,2.7144950069379544e-10
1.508636814358069e-29,0.9999999999999938,6.268150034900094e-15
2.2509250061839096e-07,0.005065361910176735,0.9949344129973228
1.2957965410530824e-14,0.999981637988459,1.8362011528222006e-05
0.9999999982147987,2.299788664070051e-36,1.7852012358219363e-09
8.344219844894327e-25,0.9999999999911648,8.83517027281835e-12
2.074347672509097e-05,2.1108795140572224e-07,0.9999790454353235
0.9999746999689809,8.97187565163462e-26,2.5300031019122385e-05
0.9999999599076628,3.2897266439604027e-32,4.009233725621904e-08
1.5078570912764502e-27,0.9999999999998945,1.0541048329261361e-13
0.9929751082655699,3.3554157923419884e-18,0.007024891734430066
6.857270422672923e-16,0.999905160199853,9.48398001463053e-05
0.9999999486443603,3.745096337684256e-32,5.135563971976784e-08
6.160456780194239e-06,2.0096338487360807e-06,0.9999918299093712
0.0008621550373901975,1.7086187890337599e-06,0.9991361363438207
0.00412915866742365,1.1856046668212066e-07,0.9958707227721098
0.00013260308695345858,4.5384008288100986e-08,0.9998673515290383
0.9999999796822672,2.8174486351234835e-32,2.0317732971072486e-08
0.9999994327442385,5.6332172141729164e-30,5.672557615114223e-07
0.9976268873317339,8.497705916027462e-21,0.0023731126682662255
1.2734880211433283e-20,0.9999999968799114,3.1200885127838126e-09
1.2496420858268092e-15,0.9999930407373299,6.9592626688348426e-06
1.2305573808595904e-22,0.9999999942942279,5.70577213840818e-09
1.946728441433713e-06,4.931035754192318e-05,0.9999487429140167
0.9999345426088283,1.1069395515820382e-23,6.545739117161357e-05
1.028367847709192e-05,4.765325943830769e-06,0.9999849509955792
0.9999999995280786,7.353598687848365e-38,4.719213678655021e-10
2.6786536619969993e-07,0.002201627747209031,0.9977981043874247
2.1177912020897768e-12,0.9998652210917597,0.00013477890612247661
0.999999999061435,3.0400637182879683e-37,9.385650160377988e-10
2.8913710249816665e-21,0.9999999982961152,1.7038848246767513e-09
2.1367973038360126e-07,0.0003311799921737719,0.999668606328096
1.4537182032134106e-16,0.9999993740023918,6.259976079533485e-07
3.6920740035391403e-16,0.9999150846977527,8.4915302246933e-05
1.2489234283772944e-05,2.6028411092942266e-07,0.9999872504816053
1.533661776449658e-07,0.6142074164268977,0.3857924302069247
3.504494046980247e-23,0.9999999999173705,8.262939470809966e-11
0.9999934690815075,1.5431783244318262e-26,6.5309184924277484e-06
0.9998460376357159,1.2467457404178735e-22,0.0001539623642840491
5.7513670260854016e-15,0.9996421646480701,0.000357835351924109
1.7829702838634035e-07,0.4316350786588519,0.5683647430441197
0.007261186165011723,8.491010377252246e-11,0.9927388137500781
1.2502640609920557e-05,0.0019132265602630459,0.9980742707991269
0.9998187291552654,1.4655424777390905e-23,0.00018127084473459546
2.5824793534195216e-12,0.9985683941691841,0.0014316058282335391
0.9999946180456872,5.5248812885601296e-27,5.3819543127515865e-06
0.000874598692107042,2.5966042491453457e-06,0.9991228047036438
9.102248530318158e-20,0.9999999799766395,2.0023360609867685e-08
2.0417395022419586e-06,4.069006205209093e-05,0.9999572681984458
0.00035656060559092025,9.380693578505038e-06,0.9996340587008307
3.4318530228467057e-13,0.9998688665731043,0.0001311334265525644
3.710915847042921e-05,3.937247177647178e-08,0.9999628514690578
0.00012676272246509756,2.9716241549697334e-08,0.9998732075612933
0.9995195679252831,8.414883793456238e-22,0.0004804320747169667
0.9999999999320459,4.927788287225743e-39,6.795418734455618e-11
5.597400257212837e-22,0.9999999996984932,3.015068467708861e-10
3.427405447142388e-12,0.9994435361919438,0.0005564638046287073
1.3415201736263718e-24,0.9999999999823923,1.760779681994767e-11
2.7952734100701934e-09,0.9507361895277197,0.049263807677006964
1.4895266257215072e-25,0.9999999999966411,3.358768892909823e-12
0.9984634767760203,4.230423986354435e-21,0.0015365232239796741
0.003472815125135143,5.18858950393471e-10,0.996527184356006
0.9999882284322196,4.208910502617225e-25,1.1771567780551853e-05
0.9374690015590058,6.30739435211562e-18,0.06253099844099409
0.9997034700751075,1.733775823636018e-21,0.00029652992489245095
1.3092450691142446e-21,0.9999999992041844,7.958156647011202e-10
1.3644232477432857e-07,0.00042083575261587863,0.9995790278050594
9.465026870244143e-07,3.582302010255935e-05,0.9999632304772105
0.0049978842018158385,8.346636112595936e-11,0.9950021157147179
0.9999999999899696,2.627946689566699e-41,1.0030478830234863e-11
0.00010935451858588164,5.018931254253996e-08,0.9998905952921016
0.9999999588750289,1.7717297534836695e-32,4.1124971126273726e-08
4.300353402240908e-05,8.259856793231454e-09,0.9999569882061207
1.2648662069019679e-18,0.9999999325608872,6.743911275884564e-08
3.58173638656058e-16,0.9999972765859129,2.7234140865833924e-06
0.9999999991905515,2.043259122240093e-37,8.094485706984058e-10
1.8866450721060975e-07,0.337182030969781,0.6628177803657117
6.77649369963076e-05,0.00025135646439905805,0.9996808785986045
0.0006093860875189275,1.0428605640492055e-08,0.9993906034838755
4.542336401169217e-07,0.506483291291073,0.493516254475287
1.547336112043993e-18,0.9999999513193706,4.868062948043273e-08
0.9995551478488145,3.507946377282338e-22,0.00044485215118557955
0.0005817888159558716,1.1046934119246346e-08,0.99941820013711
0.01797212207792108,6.3116946524246655e-12,0.9820278779157672
8.095219552477525e-12,0.9981571040001945,0.001842895991710375
0.9999593900209371,7.319234460059857e-25,4.06099790628553e-05
0.9999999237968074,2.2472080943103477e-32,7.620319251926245e-08
0.9994922871611199,1.747111587786377e-21,0.0005077128388801201
0.9994664940479587,2.798241736158985e-22,0.0005335059520412545
0.9932371953966319,3.6683913632673206e-19,0.006762804603368107
3.6554006905391673e-06,6.062670197840154e-06,0.9999902819291115
0.0004058076716861517,7.655845631046269e-10,0.9995941915627292
0.0007863297786691696,4.720576747785107e-10,0.9992136697492731
2.110116214326091e-13,0.9949188135008216,0.005081186498967518
0.9999752523338551,4.0883338492752847e-25,2.4747666144915076e-05
0.9899148934730607,4.824578694794025e-19,0.010085106526939235
0.9967026188336255,7.85243465418922e-20,0.0032973811663745793
9.640232162836174e-05,0.00045471817793560603,0.9994488795004359
8.91359519864119e-05,7.605350958023195e-08,0.999910787994504
8.125849273838877e-11,0.996919303578246,0.003080696340495467
4.041343796122934e-13,0.9928773189522231,0.007122681047372696
0.9999914121857583,1.0237120694372717e-26,8.587814241825338e-06
0.9999828720407198,2.2864118243405673e-25,1.7127959280175796e-05
6.351946355742033e-09,0.958507622521985,0.041492371126068746
0.999999837407211,5.406773070147922e-32,1.625927890349394e-07
0.9997924586006456,3.1620805980019757e-22,0.00020754139935426932
2.7065432250070834e-15,0.9996255944371641,0.0003744055628331371
2.641865164760666e-05,0.0049369746600607355,0.9950366066882917
3.353204686319387e-24,0.9999999999713118,2.8688153296765297e-11
4.298046450629912e-30,0.9999999999999949,5.186225676538521e-15
1.471485632855817e-13,0.9959130913103508,0.004086908689502167
0.9999999980396086,6.584822326518493e-36,1.9603915090531445e-09
0.9999706317938623,2.158424778020634e-24,2.9368206137714666e-05
0.9999965016787321,4.066594477174931e-27,3.498321268016519e-06
4.157399428789323e-06,0.015848748126579403,0.9841470944739917
6.049749458342717e-25,0.9999999999929179,7.08217269834853e-12
6.052691369498357e-17,0.9999648590682882,3.514093171180904e-05
6.865368897406498e-16,0.9999944125296888,5.587470310488187e-06
0.9999999992427926,1.835711873318581e-36,7.572073361757674e-10
0.9999999999956202,1.2380538929615404e-42,4.37990628552356e-12
8.80025539740024e-07,0.326781047987803,0.6732180719866573
2.438685489632956e-17,0.9999996630227604,3.369772396509964e-07
0.9549270819728747,7.326412017817495e-17,0.045072918027125326
5.4086805485417815e-06,0.0001899690749917355,0.9998046222444598
4.771742061098123e-06,2.981457445088309e-06,0.9999922468004938
0.0019263398655642078,2.3033751882324523e-10,0.9980736599040982
0.0004150567471186218,6.072768574648849e-09,0.9995849371801129
3.2722774585051684e-12,0.9995526432615113,0.0004473567352164416
0.00019622059583990786,6.499778278320138e-09,0.9998037729043819
6.897255694195927e-15,0.9993902860766685,0.0006097139233247529
3.4744990576637843e-08,0.00608809972362268,0.9939118655313868
1.2543863855472216e-16,0.9999983870895888,1.6129104110611308e-06
1.8300192432692015e-13,0.9970807259271504,0.002919274072666609
0.9999999999921851,3.9497735145218835e-42,7.814779197537533e-12
2.4199374230248427e-17,0.9999678956174441,3.2104382555794696e-05
0.0072163819356864545,3.2671510196336636e-10,0.9927836177375985
0.0027657768503211904,1.0222842059883907e-10,0.9972342230474505
2.724909886906701e-19,0.99999869989477,1.3001052301338024e-06
0.9981932884066804,1.5203763277010022e-19,0.0018067115933195436
0.9999962296263047,9.520079525401565e-28,3.7703736952806876e-06
0.9999870449517253,2.4677943394974232e-26,1.2955048274754144e-05
1.4003658262257798e-19,0.9999999890814623,1.0918537841322198e-08
0.999999989785418,1.833710200968108e-34,1.0214581906206895e-08
0.9999999929920704,3.548240983823807e-35,7.0079294455502824e-09
1.025783116206049e-13,0.9976248729871862,0.0023751270127113713
4.490707413420933e-06,1.6239667393609387e-06,0.9999938853258472
3.907906910745385e-25,0.9999999999938363,6.163720001172612e-12
1.1694393926030273e-05,6.32665345853547e-06,0.9999819789526154
4.404264719735069e-05,9.073517121426991e-07,0.9999550500010905
1.2925966332784268e-08,0.9201950824248532,0.07980490464918066
2.2982231400231962e-20,0.9999997929599245,2.0704007550091973e-07
0.9996971133458197,8.200414212537022e-23,0.0003028866541803887
7.405697173067024e-05,2.340667386680141e-07,0.9999257089615307
6.752299518378341e-06,1.6462405367549015e-06,0.9999916014599448
1.0839128989148945e-19,0.9999999873264908,1.267350910098048e-08
0.9994515474088381,1.9916641692541795e-21,0.0005484525911619122
0.9999769887364676,1.1560315649826816e-25,2.3011263532465493e-05
1.3241245992744269e-16,0.9999653769141813,3.4623085818576e-05
0.00017119544095974551,6.90639298649915e-05,0.9997597406291753
1.0249268212618357e-07,0.8206915129813874,0.17930838452593048
5.3303570511537576e-05,1.789404597401321e-07,0.9999465174890286
1.5212021578936951e-21,0.9999999731382869,2.6861712948184563e-08
0.9999999999988813,2.271817301672879e-43,1.1186779266596689e-12
0.9990538225767602,2.5366625025400137e-21,0.0009461774232397186
0.9999999991391395,1.104130086895019e-37,8.608605234295476e-10
0.004032113590354846,1.260486388521683e-10,0.9959678862835966
0.9997416714276309,1.720582114110687e-22,0.0002583285723689711
8.31380868528611e-32,1.0,7.921850159206964e-17
4.683685746464991e-14,0.9999888612301991,1.1138769753991366e-05
6.055676673581399e-08,0.0038075987191579456,0.9961923407240754
0.9995416141171157,1.0104342855637352e-22,0.0004583858828843856
0.9999978437239733,5.714583962012521e-28,2.1562760267038645e-06
6.879701919212814e-09,0.8980357404772503,0.10196425264304783
2.659651956225043e-08,0.035665901902582064,0.9643340715008983
0.9997271968344561,2.7736608779033565e-22,0.0002728031655439267
0.9999998847930383,6.7748596592886824e-31,1.1520696174931112e-07
0.9999999988353414,3.961457227398482e-36,1.1646585149363382e-09
1.0523595952955412e-05,1.0625377104079776e-06,0.9999884138663367
5.269261054354094e-19,0.999999975251805,2.4748195030465645e-08
1.0227280670814232e-06,3.5639054178696836e-05,0.9999633382177543
5.223682734116704e-09,0.4812473682167426,0.5187526265595748
2.657818152304605e-13,0.9998356507969416,0.0001643492027925977
3.4378633542439826e-07,0.0008865067632499759,0.9991131494504147
1.105614060569863e-06,9.30657729037917e-05,0.9999058286130357
0.9995136733790104,1.551731139315301e-20,0.0004863266209896731
0.9999999993957966,3.7109229699144053e-37,6.042033034544582e-10
0.9999382315618024,1.2773310642682253e-24,6.176843819754251e-05
3.2920797620597495e-16,0.9999985767870232,1.4232129765274576e-06
1.1277267951749e-14,0.9999802645365741,1.973546341461675e-05
0.9999999992928217,9.439093873063447e-38,7.071782302432955e-10
0.0007008678649202462,1.7760866743297843e-09,0.9992991303589931
0.00025559886905970365,5.43952725027271e-08,0.9997443467356677
2.1998972515344746e-07,0.0007292460832529238,0.9992705339270219
0.0006773658914289359,2.450767213848022e-09,0.9993226316578039
0.9999743444669325,6.926617827371381e-25,2.565553306753858e-05
0.9999993666777854,1.9248246863244678e-29,6.333222145257838e-07
0.9999992478025723,3.553666840284553e-29,7.521974275855025e-07
9.674976437081061e-23,0.9999999998397628,1.6023725449937466e-10
0.9999999999952465,9.690269155002754e-43,4.75360624535149e-12
0.9999988197701802,4.0619588039071694e-29,1.1802298198324987e-06
0.0002810640856672647,6.8595596460289715e-09,0.9997189290547731
0.999984824663115,1.5702044755271789e-25,1.5175336885071298e-05
1.2640512398285328e-06,0.00010542605260619944,0.999893309896154
0.9998131796886544,1.576206128455814e-23,0.00018682031134574975
3.525226391964742e-09,0.9674160794093997,0.032583917065374
0.00012486329361158103,0.00010821486931323079,0.9997669218370752
1.078773655591519e-16,0.9999644006990387,3.559930096137454e-05
0.9995972175084712,3.006740039891341e-21,0.00040278249152887426
3.675796674847678e-05,6.415654551630536e-07,0.9999626004677964
2.3709796200167854e-17,0.9999816126821987,1.8387317801371443e-05
1.893405329922454e-05,0.00525205344838564,0.9947290124983151
2.381771222385222e-17,0.999999602599305,3.974006948688415e-07
0.9999999906395548,9.990726366831102e-35,9.360445328061198e-09
0.9999999996636573,5.399838902554768e-38,3.363428201432232e-10
2.3934470182084276e-25,0.9999999999971048,2.8951927282023036e-12
3.62908922947824e-08,0.012364175324748993,0.9876357883843586
0.9999999999943117,2.3482359094794783e-42,5.68828700364425e-12
0.9999999999239189,1.377283915561148e-39,7.608119721907308e-11
5.928484663856432e-28,0.9999999999999398,6.017042718047796e-14
1.0315393493926826e-05,1.5015291405698423e-05,0.9999746693151004
0.9998753768445702,1.689603783807473e-23,0.00012462315542993504
8.000178232524361e-07,0.000963811668571528,0.9990353883136053
2.5017115722564632e-16,0.9999187163808076,8.128361919215497e-05
0.9999999999878757,2.1837625667453824e-41,1.2124390710856324e-11
4.1926845722133206e-05,0.0006676456798385582,0.9992904274744392
1.7751720037873143e-06,0.08928742809586866,0.9107107967321275
0.9999999999261391,1.4443307449610448e-39,7.386091000819055e-11
5.363525213653234e-05,2.3911775540230262e-08,0.9999463408360879
6.011503165357621e-27,0.9999999999996871,3.1289005348163094e-13
5.831389051642576e-13,0.9960059272136792,0.0039940727857376065
0.9999750575218571,1.1124779421781267e-24,2.4942478143029946e-05
1.6512631488075132e-10,0.9922282043614524,0.007771795473421178
6.402201386616624e-14,0.9999528782630748,4.7121736861179046e-05
0.0010622492854723534,3.927777851890923e-10,0.9989377503217499
7.711827622313554e-27,0.9999999999996789,3.211282471443044e-13
0.9999995548264605,1.112824560713692e-29,4.451735395467545e-07
8.167719816193146e-07,0.0008577769827058956,0.9991414062453126
9.055576914476402e-06,5.5520979212408014e-06,0.9999853923251643
6.9319069654449145e-06,0.0049037990324930225,0.9950892690605415
0.9999999999908031,5.854144510246606e-42,9.196974038940851e-12
0.002624269468636497,3.396380094518261e-10,0.9973757301917255
1.4240005430869815e-05,1.0693983291411e-07,0.9999856530547362
4.118447749096096e-15,0.9996059502894779,0.0003940497105180594
1.4908485296725442e-26,0.9999999999995588,4.4118091955093456e-13
0.002215914716228167,8.410365662477862e-07,0.9977832442472055
5.644806692795243e-31,0.9999999999999991,9.786002780418775e-16
0.9865318768525885,6.049752326712247e-18,0.013468123147411465
0.9999352122959594,1.9814410758064358e-24,6.478770404066221e-05
6.254160479754525e-07,0.00019570730927861657,0.9998036672746734
0.9999999991208066,1.9810248611266324e-36,8.791933546641477e-10
0.9987459479172609,1.4205212790304805e-20,0.001254052082739243
1.0207660619044421e-15,0.9998706754062439,0.000129324593755042
4.2077339963106643e-16,0.9999978155713996,2.1844285999048267e-06
4.087711455793379e-06,1.4476322423606983e-05,0.9999814359661207
1.142085779585385e-13,0.9969795126868292,0.0030204873130565625
1.5093053883089784e-05,0.07847118892117623,0.9215137180249408
5.488631620043938e-11,0.9954284271233181,0.004571572821795458
1.0829600741293585e-06,5.2435727153013247e-05,0.9999464813127728
0.999999999472792,2.3678292934313728e-37,5.272079512773465e-10
1.5953749192211686e-10,0.9871190711470917,0.01288092869337074
1.8176884347335372e-14,0.9990949468274465,0.0009050531725353247
0.000251555310794422,3.4811449881120503e-09,0.9997484412080607
0.01161816181293636,7.554135240519455e-11,0.9883818381115224
2.5208172369012353e-05,1.252926160464996e-06,0.9999735389014704
1.9389169882031832e-16,0.9999988836377637,1.1163622360676454e-06
8.687098419450817e-05,1.0848937436604797e-08,0.999913118166868
8.051487857741144e-12,0.9981168032144146,0.0018831967775338949
5.6788168624258924e-05,0.000746075506570519,0.9991971363248053
0.9999999961710859,1.6324923466499766e-34,3.828914106616141e-09
0.9999999988014698,1.1587308078430926e-35,1.1985301431687302e-09
0.9999633713023847,2.319615002314164e-25,3.662869761529261e-05
0.999999843191865,9.432703248915428e-27,1.5680813489915667e-07
2.3153879126739247e-12,0.9927874106336873,0.007212589363997327
1.1712126980900364e-06,0.2127557493090693,0.7872430794782327
0.00018933513212099045,2.289899429914966e-08,0.9998106419688847
0.9999627399567501,9.111868097629245e-26,3.726004324982134e-05
1.7628707143308332e-10,0.9954243140872511,0.004575685736461884
1.509164663557484e-17,0.999981913801942,1.8086198057983374e-05
5.3695768680242876e-06,4.4309439497563773e-07,0.9999941873287369
8.48239693635434e-08,0.005039499060177516,0.9949604161158532
0.9999242418334727,2.6850052831680216e-24,7.575816652722916e-05
5.793033134095896e-05,0.0002587740871796218,0.9996832955814795
6.497643536058821e-07,0.31394493470067614,0.6860544155349703
9.483198855132268e-07,0.4549045228996406,0.5450945287804738
2.5809328805340437e-06,3.3079238493314204e-06,0.9999941111432701
0.9999712216351861,7.829738724006615e-26,2.8778364813915193e-05
0.9995882445533594,6.620223367971461e-22,0.00041175544664067283
8.614692572791963e-09,0.0619587423388121,0.9380412490464953
6.546092422575907e-10,0.9667725440666831,0.033227455278707886
0.0969830798585329,5.774777077366696e-13,0.9030169201408895
8.094570010646548e-21,0.9999999978303158,2.169684133619695e-09
0.9888563843169342,7.901223118421894e-19,0.011143615683065714
0.0023165879947517286,2.640980135878661e-10,0.9976834117411502
0.9261459667887965,8.63456315932831e-17,0.07385403321120354
0.9983402013218886,1.8690926973422766e-19,0.0016597986781112946
2.2955913413628182e-14,0.9982558610380905,0.0017441389618864241
0.9999994915604102,4.426280085984682e-29,5.084395897137947e-07
1.3396371931954946e-24,0.9999999999924662,7.533789344063564e-12
1.0397488186120697e-14,0.9999709947142896,2.9005285700027785e-05
5.610466004769789e-11,0.9960681165592559,0.003931883384639438
5.424160951742193e-06,0.01690225851882166,0.9830923173202266
0.9999999990392583,5.6645236767866645e-37,9.60741802052855e-10
0.0006165934686913829,6.336949308437366e-06,0.9993770695820001
0.9976875343603342,7.431349173829056e-20,0.0023124656396658716
1.9681681247049393e-05,0.0029722817184434616,0.9970080366003096
5.0876189035607066e-24,0.9999999999786786,2.1321490171962582e-11
1.129713847757754e-06,0.0002328420082160975,0.999766028277936
8.189146055561968e-17,0.9999994386237009,5.613762991777736e-07
0.9999982510439243,6.471038281761081e-28,1.7489560756842634e-06
0.9999999835221602,1.5254948054862478e-34,1.6477839666241304e-08
0.011042115484469633,1.8743384490366517e-07,0.9889576970816856
4.3438986633197784e-32,0.9999999999999998,2.8097247957591085e-16
0.0027179216485294765,1.0547146991775147e-10,0.9972820782459991
0.0024472302023328743,1.5650183191871767e-10,0.9975527696411653
4.558724824737392e-07,0.0005401535157015039,0.999459390611816
0.99998835050131,3.3578851888983686e-26,1.1649498690151487e-05
7.312296701901733e-05,4.837095997121221e-07,0.9999263933233812
3.730256657517879e-06,0.04315745344758494,0.9568388162957575
1.1523417331656335e-06,0.3312573947933328,0.6687414528649339
9.012871151036529e-05,6.051346104811949e-08,0.9999098107750286
0.00020377080629398222,0.0001463313705934528,0.9996498978231124
4.041792572481238e-22,0.9999999995468063,4.531937583584398e-10
1.722697750607905e-14,0.9999652496601285,3.475033985419683e-05
4.340911027919708e-07,0.15661482715864034,0.8433847387502569
2.7260847968903226e-24,0.9999999999717852,2.821479719911852e-11
4.699366764589411e-15,0.9999890577237724,1.0942276222892249e-05
1.207054038898653e-16,0.9999993426585572,6.573414425229361e-07
5.648453607754823e-23,0.9999999998605884,1.3941157387458453e-10
3.927516790494882e-06,1.2863446199155078e-06,0.9999947861385896
0.9999999968155939,1.2529877803574672e-36,3.184405963492432e-09
0.9999999092089162,8.570733286928996e-32,9.07910836815732e-08
1.4955405826329532e-19,0.9999999815642652,1.8435734725038972e-08
0.977905284816053,3.180076167818581e-17,0.02209471518394693
7.795249853079281e-17,0.9999629099598369,3.709004016300705e-05
1.8569059493732477e-06,3.6587330425018714e-05,0.9999615557636257
0.9966469469609021,1.7008376808396408e-19,0.0033530530390979145
0.9999999982908121,4.414269915543323e-37,1.709187792025428e-09
0.0034936451236637937,3.145998328291986e-10,0.9965063545617364
0.00037124847218611136,4.772715374611377e-09,0.9996287467550985
0.000939389274188181,4.99788432515757e-10,0.9990606102260233
0.0009773152916154456,1.0744980162962852e-09,0.9990226836338866
7.0636100757911025e-15,0.9999825115285739,1.7488471419083612e-05
1.7154893126804682e-15,0.9999325103338879,6.74896661103095e-05
0.9999957667174684,1.4291342029616869e-27,4.233282531698671e-06
0.0001074180580465819,1.4156991635849397e-08,0.9998925677849618
2.518903931985326e-13,0.9960966204579539,0.0039033795417942442
0.9997935857747764,4.6786772224909826e-23,0.00020641422522354254
4.973465126341949e-21,0.9999999981414218,1.8585781546696571e-09
0.9999956673461284,3.23259916517054e-27,4.3326538716296946e-06
1.2022115772862977e-09,0.9686363160597762,0.03136368273801226
8.483428474343476e-17,0.9999989785660922,1.0214339078438567e-06
0.9999999996033357,7.18904101211338e-38,3.966643414495203e-10
0.9999999999982965,7.593544050226277e-43,1.7035853257962253e-12
1.5419788814639864e-07,0.6178575371789525,0.38214230862315923
2.0458309259907145e-06,0.00010143651884810072,0.999896517650226
0.9999999894044805,9.936407870196487e-34,1.0595519491044632e-08
0.9390278991606926,5.317675590425691e-17,0.06097210083930743
0.9999999996933593,4.84915911624276e-38,3.0664064514524683e-10
2.240190518198184e-05,8.087030830767932e-08,0.9999775172245098
2.444731403834941e-05,0.0003447551040927966,0.9996307975818688
0.9682350082811553,2.0953251466558537e-17,0.03176499171884465
0.9999999990949249,1.8703214986342728e-37,9.050750576729825e-10
7.947353482080428e-16,0.9999975213210087,2.4786789904127773e-06
0.9999077971705592,2.5213554590334076e-24,9.220282944077715e-05
1.408944507190854e-16,0.9999533897181359,4.661028186396234e-05
0.9999999999984355,2.6141584479462643e-43,1.5645014031262851e-12
4.79050744132897e-06,3.985314932520181e-06,0.9999912241776261
0.999999999998139,6.201473796223207e-43,1.8610400650850694e-12
0.9994376645338516,4.672090698651866e-21,0.0005623354661484751
1.2350920946624735e-12,0.9892086214688559,0.010791378529909029
2.4935020789436624e-11,0.9966166647768951,0.0033833351981696854
0.9999999999978568,3.3356746414544234e-43,2.1431406451978022e-12
3.818928263494026e-06,0.03470240178588131,0.9652937792858551
2.8725384999348673e-19,0.9999999820308848,1.7969115275204906e-08
0.0009935771376107247,5.186746541890703e-06,0.9990012361158475
0.9999999733295,6.95126945858273e-33,2.6670499952796383e-08
0.0003666695183155318,3.840975106904076e-09,0.9996333266407094
6.213500839721205e-15,0.9999868004592132,1.3199540780552823e-05
3.620560791025226e-06,1.384338514496701e-05,0.999982536054064
0.9998390866637457,1.0468063581380581e-22,0.0001609133362544336
1.5057716038079403e-06,0.0006912958695509202,0.9993071983588453
0.9999999993260535,9.218356940950934e-38,6.739464534564837e-10
9.432032934720085e-33,1.0,8.085632751487017e-17
7.581245377852681e-12,0.98079676004222,0.019203239950198632
2.680452401025735e-09,0.9522274788024739,0.047772518517073655
2.257470647129224e-27,0.9999999999995903,4.0956919129695543e-13
5.546715750648714e-23,0.9999999999267417,7.325818425530449e-11
0.9986112081278892,9.822991165418295e-22,0.0013887918721108786
3.899395096028267e-19,0.9999982788956324,1.7211043674574753e-06
1.227367397430097e-07,0.642406944976425,0.3575929322868353
4.104285282437739e-18,0.9999982084226603,1.7915773397578459e-06
0.9960604131225638,2.3926634290932047e-19,0.003939586877436105
7.763898583470773e-19,0.9999984308930664,1.5691069337272396e-06
2.090894084481405e-31,0.9999999999999993,5.85167411621696e-16
3.15446435484625e-14,0.9999589629303374,4.103706963102761e-05
0.010539996070577085,1.4065132280143556e-11,0.9894600039153578
8.93286775612637e-08,0.7278808911375443,0.27211901953377804
3.4820103173575036e-18,0.9999998790963727,1.2090362735707196e-07
5.774881709730244e-25,0.9999999999918519,8.148151251256652e-12
0.9994237879451179,5.325715635340758e-21,0.0005762120548820919
2.4535614819858505e-19,0.9999993464691067,6.535308932353982e-07
0.9999999982004841,1.3537279041732307e-36,1.7995159126146013e-09
2.1515703917542172e-07,0.004308718658706465,0.9956910661842544
5.409820895388623e-22,0.9999999990740067,9.259932806905305e-10
5.581773363098373e-06,0.03330658784431065,0.9666878303823262
0.999160839244571,2.5499773065607506e-21,0.0008391607554290693
2.6029725861257886e-23,0.9999999999475886,5.2411350863446176e-11
0.001674177608900941,6.6471851123847265e-06,0.9983191752059868
0.996705383649134,4.228974932899816e-19,0.003294616350866027
6.455798500048074e-33,1.0,1.0720641493017494e-16
2.0360156872086393e-28,0.9999999999999727,2.732675766642407e-14
0.00032471351917122784,2.691038572136091e-09,0.9996752837897902
8.692519855258039e-18,0.9999998665445509,1.3345544901926962e-07
0.9999943645012428,1.722226502641711e-27,5.6354987571579125e-06
8.679236903942454e-23,0.9999999998479632,1.5203685511424856e-10
3.278057163577756e-21,0.999999997195405,2.8045948983801608e-09
3.913881426681033e-06,5.634188327278471e-05,0.9999397442353006
7.023682577283535e-08,0.001568350469496544,0.9984315792936777
0.0016215541738923735,4.522806314573523e-06,0.9983739230197931
0.9749007653492322,3.697327067552863e-17,0.025099234650767722
4.9334811881085675e-18,0.9999997109605263,2.890394735801631e-07
2.444042151696032e-14,0.9989390455949692,0.0010609544050064436
6.798720386679076e-24,0.9999999999660183,3.398174536686472e-11
1.6648345697367045e-08,0.06616198131568808,0.9338380020359662
7.251649981719524e-18,0.9999951707136686,4.8292863313039105e-06
0.9999999992235362,1.3738822647483682e-36,7.764638096417201e-10
2.4842923670908565e-30,0.9999999999999978,2.1587873745371913e-15
1.5981900690928207e-05,1.3723164394773496e-05,0.9999702949349144
3.247098238055069e-08,0.6579977434432718,0.34200222408574593
0.9999985973176682,6.201648345899779e-28,1.4026823319085956e-06
1.7305863886193379e-15,0.999832733386703,0.00016726661329530222
0.9999991095877813,1.0034819505123323e-28,8.90412218606227e-07
0.9999645042377718,4.39544161513198e-25,3.549576222822549e-05
8.913974441418036e-07,0.08766081044591514,0.9123382981566407
8.066873967917947e-29,0.9999999999999609,3.906101625421823e-14
1.103350155910001e-20,0.9999999958433503,4.156649780011396e-09
3.104074060049437e-08,0.0319785911516758,0.9680213778075837
0.9999999999962832,1.9731264134036932e-42,3.716820297622643e-12
0.0004395677799372211,3.816156671813527e-09,0.9995604284039062
0.9999999955598686,1.3383261422180887e-34,4.440131261693265e-09
0.999998892402501,1.2395485874474887e-28,1.1075974991129532e-06
0.999999618282623,1.1262856591153508e-30,3.817173770272763e-07
0.9999975271442049,1.6704226667070103e-28,2.472855795140712e-06
5.911384187832921e-07,0.3334358087520889,0.6665636001094923
3.6515945786748798e-06,4.67745535055036e-05,0.9999495738519159
0.9822578605261584,4.101583731070982e-17,0.017742139473841557
8.538797376514771e-33,1.0,4.8727982104007047e-17
0.9968671458929931,2.919099082771527e-20,0.0031328541070068986
3.175478145472112e-25,0.999999999995602,4.397966236304653e-12
3.336245852353774e-14,0.9999389273019488,6.107269801786702e-05
0.9999999993472495,1.4072180207119038e-37,6.527505756090906e-10
1.8824429981692712e-13,0.9998697054799411,0.00013029451987051443
0.999999996766326,3.2562310947122555e-36,3.233673982945101e-09
4.969026384716112e-06,4.257710860509369e-06,0.9999907732627549
0.036633191392849665,2.1225933793451546e-11,0.9633668085859245
0.9999157944367713,1.2451357215647146e-23,8.420556322872588e-05
4.025618293348616e-05,7.278509543341625e-08,0.999959671031971
0.0005343871014472902,2.170023911306159e-09,0.9994656107285288
1.4183987249848555e-07,0.0017400934506070053,0.9982597647095205
0.013695779725764887,3.7896190616145775e-11,0.9863042202363388
5.827023994662895e-07,0.0006801379193197841,0.9993192793782807
4.984090719783655e-12,0.9987320416312774,0.0012679583637386156
4.5485291582247705e-09,0.9503780540983559,0.04962194135311486
0.9999954599694441,3.323900050956211e-27,4.540030556006232e-06
5.341488204075978e-08,0.006801644562784389,0.9931983020223337
0.9999979964424338,9.289454938700141e-29,2.003557566106711e-06
8.510590897458324e-19,0.999998096908935,1.9030910649189916e-06
0.9999999999977882,4.956788089524684e-43,2.2118481068546545e-12
8.970630551068458e-09,0.10605555268529455,0.8939444383440749
0.9999398656816887,4.756786397192593e-24,6.013431831128677e-05
0.0005020589035096542,2.092850089387261e-09,0.9994979390036401
0.9999999987065762,4.352608786038117e-36,1.293423852363475e-09
0.99847818810869,8.577713702504404e-20,0.0015218118913098272
0.9995640295943837,4.0201335116501263e-22,0.0004359704056162876
7.300111770394152e-11,0.8365688755419086,0.1634311243850901
0.9999346301096134,9.504962624431522e-24,6.536989038667702e-05
2.767733684532585e-17,0.9999992759703071,7.240296929387275e-07
5.8953946136442233e-08,0.007519914471914992,0.9924800265741389
7.428646396079604e-06,1.216848045017687e-05,0.9999804028731537
0.9999999987231576,5.032663341807633e-37,1.2768424852879495e-09
1.357684366027077e-05,0.0018930217055544705,0.9980934014507854
0.9998225123811487,1.3160730183774101e-23,0.0001774876188513272
0.0006628904462721739,6.164969132911126e-10,0.9993371089372309
7.675842853494558e-25,0.9999999999819833,1.801666587378402e-11
2.1296477710441122e-07,0.0003766441000843629,0.9996231429351385
3.28257429067412e-32,0.9999999999999998,1.7490911094247915e-16
4.669831655179869e-10,0.9897568656288782,0.01024313390413846
0.9999999999976112,2.517096309678319e-43,2.388741921976364e-12
0.9999329809234326,2.3142262486013815e-24,6.701907656730594e-05
4.8375735385134495e-21,0.999999997893037,2.106963067387098e-09
7.141365408599063e-14,0.9981510128105776,0.0018489871893510158
5.227582465079353e-18,0.9999998888037945,1.1119620531846725e-07
3.159184267528012e-19,0.9999993585798475,6.414201524895707e-07
5.371789531162256e-07,0.0007436114244690475,0.9992558513965779
2.4776274089933473e-15,0.9999934880388265,6.511961171020223e-06
0.9999999429038583,8.388243485481701e-33,5.7096141702010483e-08
0.0012961948248147981,4.5187077308275623e-10,0.9987038047233143
6.552561529702374e-06,9.843088119691943e-06,0.9999836043503506
2.543453273292175e-10,0.6215587338170573,0.3784412659285974
1.207347518691111e-06,0.08977258817106376,0.9102262044814174
1.6115018448217863e-14,0.9991099821616413,0.000890017838342553
6.633157282189424e-07,3.400927434215502e-05,0.9999653274099297
1.2074925295190524e-22,0.9999999997925377,2.0746218905458168e-10
8.57865461360923e-05,1.444047706834327e-07,0.9999140690490932
0.9999355809205601,8.134018534413908e-24,6.44190794399274e-05
1.4129924687395063e-16,0.999998510776902,1.4892230978319394e-06
2.214836648900196e-17,0.9999996554420408,3.4455795902328797e-07
6.686899744916139e-11,0.9957969980592897,0.004203001873841453
7.311763545899005e-07,0.03948840857524707,0.9605108602483984
1.8538517272017555e-14,0.9992837903037444,0.0007162096962370273
1.279146091791815e-09,0.9828373813451439,0.017162617375710083
0.99975288867259,1.2077030538608902e-22,0.0002471113274099743
4.499616433380224e-17,0.9999994543813345,5.45618665411057e-07
0.9984861524952597,2.8082315958118755e-20,0.0015138475047403916
4.6666395160200355e-23,0.9999999998872671,1.1273292823185639e-10
1.6291631553067218e-07,0.45114653616463435,0.54885330091905
0.0007372361887429145,4.392250954283435e-10,0.999262763372032
0.0009876449618054016,4.951849068551096e-10,0.9990123545430097
0.9999999999976987,2.3829272717195053e-43,2.301184303315882e-12
0.9725527828243243,1.6762749493110832e-17,0.02744721717567564
0.958384499866357,1.2871449242740895e-16,0.04161550013364292
0.9999933821943585,2.096516418249986e-27,6.617805641484448e-06
0.7424577190190979,7.613720413482835e-13,0.25754228098014087
3.8314199677138593e-07,0.0008107932567615049,0.9991888236012417
3.1810918230602406e-06,1.1665217310553725e-05,0.9999851536908664
4.597248911668074e-10,0.986363973429208,0.013636026111067272
0.9999999403240942,8.479960596081929e-32,5.967590577107931e-08
0.014150355386931789,9.554145621111476e-08,0.9858495490716119
0.9999965600466593,1.6152600954241898e-27,3.4399533406425285e-06
0.9998766512431004,1.1692071002418282e-23,0.0001233487568996506
1.7485348596062992e-06,5.136145371114002e-05,0.9999468900114292
1.1111362828743876e-07,0.0008537475704172581,0.9991461413159545
0.9999989776758842,1.9046621038469892e-28,1.022324115737825e-06
4.132816844050986e-32,0.9999999999999998,2.63153638039143e-16
0.0004562933972329206,1.1823544197514632e-09,0.9995437054204126
0.9999999984629868,4.2120634784220414e-36,1.5370132788637516e-09
2.3116058705798885e-14,0.9999772502617962,2.274973818075706e-05
1.7774382156921142e-08,0.010164504408296122,0.9898354778173217
1.4181864680759322e-16,0.9999991968690316,8.031309681734866e-07
2.4294719803039015e-07,0.5089325469989423,0.49106721005385967
6.407355200173467e-19,0.9999982235090792,1.7764909207745978e-06
4.147470711840326e-20,0.9999999942980882,5.701911749875309e-09
7.039445284130955e-29,0.9999999999999774,2.2757371611552548e-14
2.998312206559831e-23,0.9999999999365834,6.341665596418597e-11
2.461837749262746e-13,0.9942829082719123,0.005717091727841557
0.9999978653271329,5.05957886440138e-28,2.1346728671329346e-06
2.6140589828966043e-25,0.9999999999965559,3.444105898539757e-12
7.563513523508422e-14,0.9973147891486092,0.002685210851315041
3.4721320967814444e-06,0.037953774975318974,0.9620427528925841
0.9999999937844384,9.217696403195391e-35,6.215561512318229e-09
8.732908776530585e-08,0.0013692326542151336,0.9986306800166972
1.384011784644988e-18,0.9999999169985772,8.300142289032614e-08
4.434305392246999e-21,0.9999999989434052,1.056594881640219e-09
3.0282044856255055e-05,4.047291026173262e-07,0.9999693132260411
1.0913078697518342e-06,6.206038205059685e-05,0.9999368483100797
0.9999999909347114,4.088533428981771e-34,9.06528862698844e-09
0.9999985976059657,3.0294953307438843e-28,1.4023940344714508e-06
0.9999435522754834,1.7423291403267848e-24,5.6447724516643034e-05
0.9999999993165178,1.01866455494573e-36,6.834822011871479e-10
1.3326409406799231e-30,0.9999999999999969,3.0053310652623985e-15
0.9993385160910928,3.575244407246147e-21,0.0006614839089071248
0.9999691280936185,3.6859681937135035e-25,3.087190638145809e-05
0.0014064815644659247,1.1384427040572416e-10,0.9985935183216899
5.825016026310033e-07,0.0006288044516926397,0.9993706130467048
0.041851566314969696,1.417794216288642e-12,0.9581484336836126
0.9956520465980493,3.4951396927534527e-19,0.004347953401950686
4.283899247885097e-07,0.0006458922335277469,0.9993536793765474
4.148836602023158e-31,0.9999999999999989,1.1490706527755231e-15
0.9999999999881504,6.04068298062922e-42,1.1849558348000735e-11
6.622441664762899e-05,1.4386367714463108e-07,0.9999336317196752
6.70192077443098e-05,5.15889498514739e-08,0.9999329292033059
0.9999997421332875,3.1534270200702693e-30,2.578667124461878e-07
0.9999978431439962,8.453721264482587e-28,2.156856003778655e-06
1.983680680487356e-27,0.9999999999997538,2.46220079223976e-13
0.9999899894569481,2.4454071034685598e-26,1.0010543051904034e-05
0.9974650572864266,1.0862191033472077e-19,0.0025349427135732566
2.5790193071715812e-30,0.9999999999999976,2.3608279454147848e-15
0.9999999775807725,2.5271154290827097e-33,2.241922759521787e-08
1.145245144676285e-05,3.930934200383354e-06,0.9999846166143528
1.1506609067464232e-08,0.8789379504240953,0.12106203806929573
4.493729168985072e-28,0.9999999999999303,6.965240695210264e-14
5.374641130563175e-05,4.444736199539991e-08,0.9999462091413324
2.628624974247302e-22,0.999999990755747,9.244252976887693e-09
0.9999999700558921,8.030241193353062e-33,2.994410792333586e-08
0.9999999871287336,1.1039574576660922e-34,1.2871266239236785e-08
1.011775685556872e-07,0.002312681185109736,0.9976872176373217
0.9979919357269892,7.440164105213811e-21,0.0020080642730108656
1.8892720784105114e-32,1.0,1.0980665717761117e-16
3.4193314639598965e-18,0.999999871349106,1.2865089413061843e-07
0.9999999999956144,8.056294746678568e-43,4.385553669070111e-12
3.0216746612391452e-05,0.0012869030285716295,0.998682880224816
0.001998801401162672,2.6394743732918355e-10,0.9980011983348899
0.99999954271205,5.016054296015743e-30,4.572879500247553e-07
5.2426679631727936e-08,0.0076345931785338226,0.9923653543947866
0.0023666170970902192,4.880757713958182e-10,0.9976333824148339
0.9999999983259282,3.628814349677809e-36,1.6740717341234193e-09
0.9991862813041757,1.133351440791248e-20,0.0008137186958243082
0.9999519727529025,1.6463325193154573e-24,4.802724709757996e-05
6.181696140268851e-32,0.9999999999999996,3.781007801712017e-16
0.9999961586870536,6.877502035262041e-27,3.8413129464239045e-06
1.781997984479126e-05,3.6839533172089475e-07,0.9999818116248235
6.010709336812827e-19,0.9999989525499879,1.0474500119856606e-06
0.9999999972651743,1.865465121607449e-35,2.7348256525287677e-09
1.3039350326710117e-05,2.2240742488260123e-06,0.9999847365754244
4.1112723293527173e-22,0.9999999992599535,7.400463710503542e-10
6.099195494082596e-15,0.999994194938315,5.805061679061562e-06
0.9997437349158812,8.515283437929636e-23,0.00025626508411883683
0.9997876837413376,8.511458761049629e-23,0.00021231625866235934
6.442786332660954e-14,0.9999575808127154,4.24191872202833e-05
0.0003172232850232997,1.0470511077276854e-08,0.9996827662444657
0.99965987028701,2.4311444186457102e-22,0.0003401297129900684
0.999999959612588,2.9537006489154923e-32,4.038741197655273e-08
0.026325694817667503,3.3817499769425482e-12,0.9736743051789508
3.14324794259318e-14,0.9999410848574443,5.8915142524190753e-05
4.3479947404107386e-20,0.9999999947866474,5.213352619666668e-09
8.332810959769187e-06,7.707322620416079e-07,0.9999908964567783
6.811496500769377e-16,0.9998729214752944,0.00012707852470501788
1.1466998878481993e-16,0.999998957539707,1.0424602926755112e-06
0.000907976882656826,2.1763874668033442e-10,0.9990920228997044
2.0975385061923087e-12,0.988413505349946,0.011586494647956504
8.144071234152397e-32,0.9999999999999996,3.9059133103615717e-16
0.9999942052936496,1.1330770715705298e-26,5.7947063505169986e-06
1.8471731016026876e-19,0.9999992219289321,7.780710678600902e-07
0.999999928376726,3.8285602523003164e-32,7.162327406069214e-08
0.9999984927146197,9.293868194989021e-28,1.507285380363206e-06
3.1680132064288948e-09,0.12389123742053458,0.8761087594114523
0.999999998196492,9.044580768061788e-37,1.8035080959382e-09
0.9999999755051788,5.2878313877611135e-33,2.449482120525163e-08
0.0002194426145892439,3.771203956490872e-08,0.9997805196733712
5.48692604739126e-15,0.99988459681919,0.00011540318080447144
0.9999999963957089,3.979351737620352e-35,3.6042911827085538e-09
0.00016212876631931775,1.867858235050013e-08,0.9998378525550984
2.4133464326667837e-27,0.9999999999998572,1.4287291394664265e-13
2.8094932187062084e-08,0.8720339034196252,0.12796606848544265
3.6424128127105023e-14,0.9999456494428629,5.435055710064775e-05
0.9999995678024964,2.9080999716972946e-30,4.321975035704191e-07
0.0029204876632621,3.505890164077696e-10,0.997079511986149
6.337183311732638e-27,0.9999999999999114,8.852704528733353e-14
3.530482891331037e-06,9.904330316704507e-06,0.999986565186792
9.972181559166018e-18,0.9999997048293087,2.951706913492819e-07
1.2269808130908321e-05,6.5061419800356555e-06,0.9999812240498891
0.9999999999887763,2.6107332211194324e-41,1.1223623154045078e-11
0.9999997318006042,5.6737381622245906e-30,2.681993957286853e-07
0.020463909745222032,1.2115875852474732e-11,0.9795360902426621
0.9990930678801978,7.770412497606498e-22,0.0009069321198021834
0.98655321583283,4.315329978528975e-18,0.01344678416717014
0.0005237257439208711,2.2217859290596502e-09,0.9994762720342931
2.9536394933836205e-33,1.0,6.668352373338324e-17
4.4142646747961126e-30,0.9999999999999938,6.24188980802308e-15
0.9995199722006748,6.117483764631832e-21,0.00048002779932525665
0.00010566896008305253,4.1113899319480576e-08,0.9998942899260177
4.4851956165267897e-08,0.7525724286609872,0.24742752648705665
1.5053947659053857e-13,0.9999276910090392,7.230899081018117e-05
1.961653282429779e-05,1.0634423583804141e-06,0.9999793200248174
0.9989535283265698,7.845832993159443e-21,0.0010464716734300793
4.538938772550757e-16,0.9999982977321857,1.7022678138693552e-06
0.9999830627035943,5.867698133872582e-26,1.693729640581852e-05
0.01754330689646026,2.0413398727637277e-08,0.982456672690141
1.6659618375800188e-14,0.9999692001057392,3.079989424418941e-05
1.306327553655796e-07,0.011048585744345219,0.9889512836228993
4.229023317678433e-05,0.0007798631930912974,0.9991778465737319
0.00045978379386693997,1.4694738086517482e-09,0.9995402147366592
5.773795525614201e-05,5.751933350690451e-05,0.9998847427112371
0.000274558530291096,1.0201464045029564e-05,0.9997152400056639
1.2841555201981338e-08,0.07430322886330645,0.9256967582951382
1.1465348928822196e-08,0.95725509887474,0.04274488965991101
1.3226267754061055e-15,0.9999118406008449,8.815939915370002e-05
0.0013909689165431157,1.5584469512810945e-10,0.9986090309276121
0.9999999999923339,6.482851421963053e-42,7.66609826418963e-12
0.9994224739532589,1.3796503829263867e-21,0.0005775260467412284
2.092761996919531e-24,0.9999999999882345,1.1765502519306806e-11
6.722852586814135e-13,0.9996934776055967,0.00030652239373094535
0.999999993438681,1.7964396713640132e-34,6.561319017514916e-09
6.719375868455205e-19,0.9999999685279569,3.1472043128680116e-08
3.038584153083018e-30,0.9999999999999991,9.216657476902879e-16
1.4088946373853723e-13,0.9959624391859402,0.00403756081391882
0.9999999999985161,1.4207957055629622e-43,1.4839367711234229e-12
0.00010571587520247061,1.1723390337564661e-07,0.9998941668908942
0.9775208585808831,1.3354443227831908e-18,0.022479141419116944
2.6247172039950914e-21,0.9999999977100535,2.28994639676812e-09
0.9999985708954517,2.2264222702335742e-28,1.42910454836097e-06
0.9999100852884442,1.0456798629125429e-23,8.991471155583756e-05
2.75566809662748e-13,0.9971612623351617,0.0028387376645626055
0.0002451563512350263,6.7599184555112805e-09,0.9997548368888466
3.8543028615784755e-32,1.0,1.0217563805774978e-16
1.3989243847536982e-19,0.9999999852242591,1.4775740946938497e-08
0.9999956026181752,3.3467164555064825e-27,4.397381824743643e-06
3.155596914793115e-18,0.9999999206490043,7.935099558391052e-08
6.80258879495594e-07,0.0026859441039062083,0.9973133756372144
7.197279052912906e-09,0.6945219744500575,0.3054780183526633
0.9997968965595967,4.524759866385979e-23,0.00020310344040344906
6.566788317153227e-07,0.00015047381266650297,0.9998488695085017
0.9954860559213085,3.253282950067379e-19,0.004513944078691499
1.268606256647034e-13,0.9981705939911623,0.0018294060087110065
0.0026247984833241244,3.573685386128184e-07,0.9973748441481374
0.00017493751574828382,1.860177589860319e-08,0.9998250438824757
2.7385006583849093e-05,4.528006781880841e-08,0.9999725697133484
0.00021029376156453904,3.882134055156882e-09,0.9997897023563015
1.1705922235424144e-15,0.9999953134946084,4.686505390474871e-06
0.9990192923091207,1.5100041990415416e-21,0.000980707690879399
0.005850931518040613,8.333655824283687e-12,0.9941490684736257
0.9999999971524078,1.4861346911293546e-36,2.8475921674122002e-09
1.53584555380116e-07,0.0011423883166265187,0.998857458098818
1.6634501590461456e-13,0.9998537219396234,0.00014627806021019928
2.9507940853404457e-31,0.9999999999999982,1.8564830885894015e-15
0.9999998164823837,6.540918905065293e-31,1.8351761619985962e-07
9.479096015531607e-17,0.9999980434613029,1.956538697028757e-06
0.9999999745063282,2.4694576500655772e-33,2.549367193969814e-08
6.659013677778579e-19,0.9999999652152823,3.4784717740633515e-08
0.9999999987801822,3.903812005563481e-37,1.2198178187691334e-09
0.9999993240029212,5.687894305923872e-30,6.759970787368729e-07
0.00024132056662632756,5.087825518713569e-09,0.9997586743455481
5.238087584463272e-26,0.9999999999984748,1.525316327322376e-12
0.9740317585709494,2.4303232607990134e-18,0.02596824142905075
0.9999999968012956,3.9942697414015894e-36,3.1987043980043084e-09
1.7561204093392418e-10,0.9935421474663496,0.006457852358038238
7.768382789170408e-05,1.4105062951957495e-07,0.9999221751214787
0.9999999982206789,6.248916008047395e-37,1.7793211258220283e-09
0.0003492509334668943,1.7294527390541013e-09,0.9996507473370805
0.9999999999877769,3.263821756857375e-41,1.2223092851626451e-11
0.999875672458028,9.137845271769946e-24,0.00012432754197197097
8.400159476923286e-07,0.11370548972158721,0.8862936702624651
0.9999999999152496,1.6243094599765452e-39,8.475036669344082e-11
4.936912307861117e-05,3.987760441755081e-07,0.9999502321008773
7.621594922523432e-06,1.3223004574920178e-06,0.9999910561046199
0.00012210957119321127,6.324772199984526e-09,0.9998778841040346
0.9999986826568205,3.692146377617871e-29,1.3173431796417472e-06
6.4572388923481875e-18,0.9999999077576064,9.224239363696167e-08
0.9999999999913485,4.003175804056716e-42,8.651501924236962e-12
0.999998970579021,2.768837035205549e-29,1.0294209789071034e-06
1.1816070737278998e-07,0.0038424602934804303,0.9961574215458122
1.5267272380449788e-31,0.9999999999999996,4.745686969817389e-16
2.2161212890636758e-10,0.9950701443867099,0.004929855391677795
4.690453853897335e-06,3.1672162482530486e-05,0.9999636373836637
0.00022062302449446172,3.31339097364308e-08,0.9997793438415958
2.2339834769034267e-07,0.6242454311264906,0.37575434547516184
1.5074991403510791e-05,0.004809115036044046,0.9951758099725524
1.1387555901040468e-24,0.9999999999884881,1.1511956620109523e-11
0.9999999994275077,1.5485313482848367e-37,5.724923266052776e-10
0.9999999996111089,1.72852638145008e-37,3.888910438463074e-10
5.849376281370531e-12,0.9988053765150771,0.0011946234790734449
0.9999999684111066,2.0653314434729383e-33,3.158889341142987e-08
2.552034293709847e-05,2.6794143869206766e-07,0.9999742117156242
2.9684435735980784e-20,0.9999999938098718,6.190128169254142e-09
2.1871041445752618e-30,0.9999999999999953,4.583743380560542e-15
1.2994430476637485e-27,0.9999999999998197,1.802526438334447e-13
0.9999989950766555,3.5003368233336644e-29,1.0049233444185292e-06
0.9999153744762945,1.2732565248041462e-23,8.462552370543375e-05
9.61014535740907e-14,0.9980449243036739,0.001955075696229904
0.9999997537851733,1.0007857299893445e-30,2.4621482677383894e-07
9.257191057880229e-07,5.437510366145347e-05,0.9999446991772328
3.2669952400236566e-07,0.0006787667363205712,0.9993209065641554
0.0002174899900818668,9.109651644818523e-09,0.9997825009002664
1.0395185587756205e-15,0.9999302305677739,6.976943222505343e-05
4.814846267617691e-07,0.00034233840022631853,0.9996571801151468
0.0009414402462988328,7.293505339316967e-07,0.9990578304031672
3.328616987555744e-05,1.987431275268445e-07,0.9999665150869969
0.9946101116504666,1.5690363417393463e-19,0.005389888349533365
0.9999505757915436,9.923661585719712e-23,4.942420845644321e-05
1.390880858315912e-16,0.9999987040485114,1.2959514884314885e-06
4.042538433655643e-13,0.9997640810561252,0.00023591894347047855
0.9999999959232253,4.766790718580627e-35,4.076774728987847e-09
0.9999999999967062,4.662930063364281e-43,3.2938833364645116e-12
4.984538559762199e-09,0.9443641801165182,0.055635814898943294
3.036461315907333e-15,0.9999927747406009,7.2252593960756415e-06
2.3076606063715962e-27,0.9999999999997193,2.806635482053511e-13
9.133303663136589e-11,0.9940759489392801,0.005924050969386723
0.999999999459845,1.1264693998579116e-36,5.4015504248969e-10
1.5948971305604923e-21,0.9999999859662538,1.4033746170281049e-08
0.9999999985904904,4.088717506272385e-36,1.409509596489527e-09
5.483115379691722e-07,2.6517555893061353e-05,0.999972934132569
8.720101470505956e-18,0.9999944489452169,5.551054783017793e-06
2.0789146925853035e-15,0.9997870466077224,0.00021295339227564656
0.999999999359013,1.1577020630631726e-37,6.409870024841632e-10
0.001166219401822402,1.4377171518395577e-09,0.9988337791604605
0.999999837559876,4.093975310823136e-31,1.624401240796489e-07
0.999998297649317,1.5599106812126922e-27,1.702350682958837e-06
2.3558755855331996e-06,0.02706840591770593,0.9729292382067085
0.9999999999798892,5.206896317450178e-41,2.0110822531669626e-11
0.0008978992895509576,4.186173890306989e-09,0.9991020965242753
0.9999980019750141,5.823332894067684e-28,1.998024985920096e-06
4.257842218393471e-18,0.9999997703185547,2.2968144523637617e-07
0.9996955178756081,2.0351495584175778e-21,0.000304482124391996
3.0470957288748763e-07,0.1735001395184701,0.8264995557719571
0.9956799770433424,1.8568314372118432e-19,0.004320022956657626
0.019281825105282393,3.65530208770114e-11,0.9807181748581646
0.9999999998735376,4.22759574535651e-39,1.2646240950065694e-10
4.1401654981132074e-12,0.9593521746655164,0.04064782533034345
3.842313571601989e-07,0.0006068441913797486,0.9993927715772631
0.9999999981836456,6.341895830936116e-37,1.8163544713156063e-09
0.001660602006613813,3.1601006835158696e-10,0.9983393976773762
0.9947455472714308,6.141060082202902e-19,0.0052544527285691865
5.545063550335725e-19,0.9999999509095767,4.909042325042819e-08
0.9999815619272613,1.1864424283232379e-25,1.8438072738700454e-05
1.6487516146819272e-18,0.9999963812138818,3.618786118100402e-06
0.9998920965021708,1.1285194135096513e-23,0.00010790349782916766
9.470496871778373e-05,2.329375330927264e-08,0.9999052717375289
4.3526933715253804e-14,0.9999675371105394,3.246288941714857e-05
6.508822589175773e-11,0.8568877175982333,0.14311228233667844
0.9999906953815321,1.8335308335562428e-26,9.304618468009371e-06
0.9999999999941154,2.1760461091722728e-42,5.884553707515927e-12
3.157455785040476e-20,0.9999999954254417,4.574558320203017e-09
0.9973921655786857,8.160242791337893e-20,0.002607834421314242
2.760168501559213e-23,0.9999999985884513,1.411548599123257e-09
9.118558465969558e-05,7.183548259648812e-07,0.9999080960605143
2.961441718993634e-07,0.0017215408317535561,0.9982781630240746
1.2840475311087669e-11,0.998299335133834,0.001700664853325453
0.9999999999967866,3.923368163226564e-42,3.2133746135071634e-12
9.903712153685538e-08,0.0023802815751502804,0.9976196193877283
3.71311886631339e-22,0.9999999876005766,1.239942339475083e-08
0.00021647988815058078,2.645832102152994e-08,0.9997834936535285
1.385743298269897e-15,0.9999926130790848,7.3869209138171415e-06
1.4431810848037274e-09,0.9765057903617105,0.023494208195108383
7.405786594941243e-17,0.9999993297995424,6.702004575757252e-07
1.5127823780083619e-06,1.857964451722235e-05,0.9999799075731048
0.0022512406494665555,2.040321357101903e-11,0.9977487593301301
0.9999970277784848,3.9523539579315026e-28,2.9722215152543957e-06
2.1936089615536058e-10,0.716206385235403,0.2837936145452361
0.0009093844613696373,1.8836757281863482e-09,0.9990906136549547
0.0037045564754975874,6.757425954769987e-11,0.9962954434569281
1.1966254152871207e-28,0.9999999999999485,5.151496540761119e-14
0.9999999999964435,1.250047883433065e-42,3.5565480474963088e-12
1.1459413743772648e-11,0.9990731061381077,0.0009268938504330898
0.00021463443764863153,3.86537431710089e-08,0.9997853269086081
7.454719570480286e-07,0.340473766126982,0.659525488401061
2.080871857059617e-05,2.2026399725108599e-07,0.999978971017432
5.0017313055447524e-05,0.0008667345396014539,0.9990832481473431
0.004488539978995027,3.6031484811522077e-07,0.9955110997061569
0.999999715867618,1.4552191447600387e-30,2.8413238191895075e-07
0.004656966147450336,6.311190091455193e-11,0.9953430337894378
3.300026821377437e-05,2.168833991992332e-06,0.9999648308977942
1.3491788869331868e-19,0.9999999850207244,1.4979275570230186e-08
0.9999999981768584,3.505518789106831e-35,1.8231416878609242e-09
6.6500621277853515e-18,0.9999949691674163,5.0308325838582836e-06
1.920409753422489e-07,0.0021198757986329157,0.9978799321603918
0.00021740670931488096,3.692358198502144e-09,0.999782589598327
1.8502325249359175e-12,0.9864953544650475,0.013504645533102228
0.9999997269723852,7.339245640284668e-31,2.730276147225935e-07
0.0005141883899549564,3.117800310073523e-10,0.999485811298265
2.095550552121779e-32,0.9999999999999998,1.156585239529818e-16
0.00036855102077140895,1.4975260834050728e-08,0.9996314340039678
3.282955005007614e-27,0.9999999999998248,1.7529261484975867e-13
1.5779808400518436e-21,0.9999999985891039,1.4108961740499516e-09
0.9725228669902309,1.9681627503922752e-17,0.02747713300976901
0.9985331305730535,2.0788226154074673e-20,0.0014668694269466276
0.9999999453063156,7.27052030977936e-33,5.469368430494638e-08
6.161709217824481e-13,0.9997907311849795,0.0002092688144041787
1.1523152428938646e-08,0.06731852295550772,0.9326814655213398
1.2163915582815628e-17,0.999999789209502,2.107904978848484e-07
0.9999999835226143,1.2533668053717497e-33,1.6477385668472406e-08
3.0549237372191938e-19,0.9999999661162862,3.3883713818363276e-08
6.470739154104659e-05,1.7155025964462758e-07,0.9999351210581994
5.1885463607624525e-06,1.6650275680085123e-06,0.9999931464260712
1.6989843132403965e-12,0.9996163234345311,0.00038367656377000806
2.723638129209457e-12,0.9993918052971741,0.0006081947001021141
2.18597865052924e-06,2.5642808519981773e-05,0.9999721712128296
4.613635582697787e-18,0.9999998586656487,1.413343513380191e-07
0.9999999991212432,6.748779901945654e-37,8.787568460579431e-10
0.9999999961814818,4.872741158222092e-35,3.8185180977729655e-09
4.064174895407723e-09,0.1738298996460482,0.8261700962897769
0.9996898160383957,2.4573482076071224e-22,0.0003101839616042586
0.9999999961793946,7.645791106833079e-36,3.8206053206693905e-09
0.9999994950976243,6.03086382621349e-30,5.049023755714099e-07
0.0018337450360178518,7.904809009954833e-09,0.9981662470591732
2.1616529712026587e-06,2.6800109208563885e-05,0.9999710382378202
0.001000874367881644,4.190206057733866e-06,0.9989949354260607
5.46980959923357e-07,0.5207484810879434,0.4792509719310967
0.9999999483533117,3.5002302434823217e-31,5.1646688227093496e-08
0.9999999999929012,5.996894112827893e-42,7.098781405484011e-12
7.425358515228212e-22,0.9999999995730908,4.26909202050946e-10
4.646770257083234e-16,0.9999971463462615,2.85365373808324e-06
0.0002493752241588203,3.0114029618040264e-08,0.9997505946618115
1.9203689962413936e-16,0.9999987446453779,1.2553546219075741e-06
5.216311430370402e-06,0.06255610874810015,0.9374386749404695
0.0008484674474956555,2.960993308352074e-10,0.999151532256405
0.00464203526456162,1.770235225760374e-10,0.9953579645584147
0.9999999984873078,1.673586240465487e-36,1.5126921899069684e-09
0.0032602489639720193,1.780678378273658e-10,0.9967397508579601
9.604582449378303e-13,0.9997999371028955,0.00020006289614409587
4.364313913997797e-06,8.727256866046396e-06,0.99998690842922
0.0007619413415579945,6.676435169588109e-11,0.9992380585916777
2.2768853424229385e-09,0.9463413514354828,0.05365864628763193
3.612255946598452e-05,2.483947597430551e-07,0.9999636290457743
8.309209863755808e-06,5.280493871603255e-07,0.9999911627407491
9.135083345126584e-27,0.9999999999994273,5.727421453749939e-13
4.3924725952413504e-14,0.9999551132834319,4.488671652422639e-05
3.8695502282251816e-05,0.0012879189927406387,0.9986733855049772
3.789242099131358e-06,0.016031448980592108,0.9839647617773088
0.9998417639618813,5.848840258987808e-23,0.00015823603811880298
1.8319936617391472e-17,0.9999997018663037,2.9813369632916547e-07
3.197992949026629e-27,0.9999999999998177,1.8229812099254277e-13
4.1490825561185685e-18,0.9999998297532163,1.702467837671655e-07
1.8742477204161118e-06,0.0001081646716009061,0.9998899610806787
7.88003834117872e-06,0.016285898076871738,0.9837062218847871
2.2597839221434394e-06,9.19812930681308e-06,0.999988542086771
5.6431768422189935e-05,6.460687960789552e-08,0.9999435036246983
3.458387862802143e-05,0.0010203365575979445,0.9989450795637741
6.995878898221348e-06,0.007202088095254652,0.9927909160258471
6.649954653223557e-11,0.8898712420247431,0.1101287579087573
3.546034995506374e-23,0.9999999998629603,1.3703975206444576e-10
0.9992342383355756,4.245080661527543e-21,0.0007657616644244687
1.8259077254186401e-07,0.002592365108196458,0.997407452301031
9.446991534845143e-05,2.4124314522117733e-07,0.9999052888415063
0.9998429111481103,9.689901097738867e-24,0.00015708885188957643
1.9618472856709245e-08,0.04325172699597457,0.9567482533855525
1.3913124202168438e-22,0.999999999673103,3.2689687253118337e-10
6.257976462108625e-22,0.9999999997411877,2.588123247623175e-10
0.00475398979439396,2.559925125015916e-10,0.9952460099496134
5.822530834398388e-05,1.252720102839962e-07,0.9999416494196458
4.498260339436054e-18,0.9999996275764206,3.7242357944980563e-07
1.4845508983835862e-06,0.0001213902952194996,0.999877125153882
0.9999999999917544,5.177385763723842e-42,8.245723442915827e-12
0.999995567784301,3.478192885270266e-26,4.432215698949013e-06
2.7665381409282123e-09,0.9587067141611852,0.04129328307227659
4.980780551156876e-06,0.03596748383997473,0.964027535379474
7.566916027825261e-13,0.9924069675202024,0.007593032479040817
0.9999999999418467,3.359910958279465e-39,5.8153212453033807e-11
3.447705001236783e-11,0.9964501588088057,0.0035498411567172674
3.591155642446247e-19,0.9999999690715361,3.092846391797414e-08
0.9999999995159092,1.4626593698201222e-37,4.840908329175674e-10
0.9999999272066356,1.749942480095562e-31,7.27933644487687e-08
0.9999999740233394,1.572489894999704e-33,2.597666057687e-08
0.9999669847309886,1.0971355970256777e-25,3.301526901140305e-05
1.926983470627124e-13,0.9998276731045384,0.00017232689526901538
7.396598773167819e-16,0.9998889588045007,0.0001110411954986376
0.0013548214210255783,5.250765137890992e-10,0.9986451780538979
0.0030215875675844005,4.6352601975322845e-10,0.9969784119688897
0.9999976372694103,8.581398480231625e-28,2.3627305898342713e-06
6.445630746411543e-07,0.00016752577128571465,0.9998318296656397
8.048833362029907e-06,2.4825213228027717e-06,0.9999894686453152
0.9999982356956855,3.0672462715689645e-28,1.7643043145336436e-06
4.8353079654309765e-14,0.9988504779604075,0.0011495220395442798
0.9999370898962168,4.6612403779479656e-24,6.291010378330329e-05
0.999274269860386,1.6995447952511197e-21,0.0007257301396140956
9.145601766090408e-26,0.9999999999687714,3.122860662341792e-11
0.9982551513904043,3.133035116382382e-20,0.0017448486095957884
3.7139554614045794e-06,0.06255608141125521,0.9374402046332833
7.728747618038053e-31,0.9999999999999982,1.742630467439724e-15
0.9999986202110176,3.06273259369911e-29,1.3797889823431152e-06
4.293570603574444e-26,0.9999999999985831,1.4168451087680195e-12
5.748866135758505e-05,1.3725976550280876e-07,0.9999423740788769
0.9999999368873425,8.915081436267142e-28,6.311265750327581e-08
0.9999956375750064,3.468272966381507e-27,4.362424993528558e-06
0.999996797449708,3.540990702554995e-28,3.202550292039546e-06
0.01606069696751828,2.2424366568571553e-11,0.9839393030100574
0.9999933890860181,1.356958794043163e-26,6.610913981864425e-06
1.375883895265784e-22,0.9999999998753126,1.246872702251693e-10
0.9999997585579906,1.466449858317504e-30,2.414420093214011e-07
3.345706957372374e-05,2.210374806327135e-07,0.9999663218929458
6.361597964369131e-11,0.8853055161972676,0.1146944837391164
6.52226164311412e-14,0.9999340888472837,6.591115265088165e-05
5.601861377555852e-32,0.9999999999999998,1.6926111059437396e-16
2.795624169129246e-07,0.31270640514591097,0.6872933152916721
7.980766312489752e-20,0.9999999778975539,2.2102446136439017e-08
6.415834482310898e-06,0.0014707608129606166,0.9985228233525572
0.00029230705457746045,1.4802169126331174e-08,0.9997076781432535
1.3283135326619957e-06,0.16656171418351134,0.8334369575029561
0.001071554230644305,4.8939571085834045e-09,0.9989284408753987
0.002873988606742748,2.0536241354981643e-10,0.9971260111878948
0.9997042779607649,1.8931046354340478e-22,0.0002957220392350551
2.3769224903935617e-22,0.9999999998810005,1.189994651735915e-10
0.9999999994060074,9.254770027362474e-38,5.939927005191341e-10
1.7808956275695753e-07,0.004004455534315156,0.9959953663761221
4.309871155822873e-27,0.9999999999997575,2.4252093531822015e-13
0.9986407908002397,1.649459410806967e-20,0.0013592091997603178
1.3356270681958463e-14,0.9999521693736736,4.783062631311295e-05
0.9999833497360128,2.3289606437371975e-25,1.6650263987303115e-05
0.9999003292558333,2.881050716752656e-23,9.967074416671715e-05
4.3508840398213935e-09,0.07871485278448967,0.9212851428646264
0.9999994373111751,3.178077186013796e-29,5.626888249775934e-07
1.8255014630065065e-20,0.9999999957586629,4.2413371230377134e-09
1.1256807522480642e-05,0.01578650946086557,0.9842022337316119
0.999843794219484,2.465150211507103e-22,0.00015620578051607321
8.289705493072202e-12,0.9993428895972517,0.0006571103944585277
5.34694123813185e-25,0.9999999999955,4.499872320491982e-12
1.5404453859756309e-06,8.981923933909053e-06,0.9999894776306801
1.25427170305173e-30,0.9999999999999982,1.871006028993917e-15
0.99999998296226,4.057934928025447e-33,1.7037739960772356e-08
0.9999999872496413,4.883788774937746e-34,1.2750358585403859e-08
0.9740713365138436,1.901649426461368e-17,0.02592866348615644
2.710676323946872e-19,0.9999991696288474,8.303711527128863e-07
0.9999999999914826,3.205391997398307e-42,8.517358717994571e-12
6.266540622006046e-08,0.8247113570573887,0.1752885802772049
3.618593712877179e-11,0.9964519268566153,0.003548073107198847
0.014980839179136373,6.2125968170467064e-09,0.9850191546082668
0.9999686391404374,9.501448543044414e-26,3.136085956247878e-05
0.9999919205065734,1.6524240038098906e-26,8.079493426663357e-06
0.0008210661535598505,6.305374629026107e-10,0.9991789332159027
0.017508643571328728,7.168827286715253e-12,0.9824913564215024
2.0838622088966515e-06,1.1226667998009743e-05,0.9999866894697932
1.2975557383331922e-05,3.8067167463959036e-07,0.999986643770942
2.044630154716045e-05,0.01532310454143957,0.9846564491570132
4.729679775022214e-16,0.9999982494813345,1.750518665068432e-06
0.9999997532710367,1.2718884439625668e-30,2.4672896322558757e-07
0.9990208152132717,2.143739493602391e-21,0.000979184786728349
0.0010118159578320792,9.120797079003803e-09,0.9989881749213707
1.0312109985527464e-16,0.9999993030716662,6.96928333738248e-07
1.5272542985655039e-27,0.9999999999997671,2.3288903015593507e-13
4.1726144975017693e-07,0.00013995905977771868,0.9998596236787725
1.9043152797527845e-07,0.001489752000600235,0.9985100575678719
0.9999969393683358,5.147930603826181e-27,3.060631664258199e-06
0.9999999940572493,8.722400862922131e-35,5.942750747469255e-09
0.9997896637649536,1.2171971880027296e-22,0.00021033623504639764
0.00022646268079487032,0.00011560894634834941,0.9996579283728568
0.9997734387488919,6.318415927246217e-23,0.00022656125110796652
2.6528150550345634e-08,0.01262901154626998,0.9873709619255795
1.0167197733835353e-07,0.008385588940363444,0.9916143093876592
1.2206718048423528e-10,0.995846943353604,0.004153056524328929
0.00016152836243801688,6.7737032633852775e-09,0.9998384648638587
4.2610912560380735e-06,0.07354031509966365,0.9264554238090803
1.7687567409004905e-17,0.9999996656238112,3.34376188949388e-07
6.847281212989204e-24,0.9999999999745925,2.5407517559714305e-11
2.0915014605937616e-05,0.0025347605366270198,0.9974443244487672
0.9999536712769589,1.476787372365191e-24,4.632872304115723e-05
4.2986223672645e-05,8.93999683926188e-08,0.9999569243763589
2.370863213272182e-08,0.025052100277249058,0.9749478760141188
9.237379094247168e-17,0.9999989493327818,1.050667218296023e-06
1.3569635853912624e-17,0.9999998357037266,1.6429627342132694e-07
5.764517167935206e-07,8.555130646147242e-05,0.9999138722418217
0.0002486331358567919,1.669749250753384e-07,0.9997511998892181
0.002198074219146402,1.1093669763394025e-10,0.997801925669917
1.1670020888573995e-06,0.0004428547770672254,0.999555978220844
1.9722377832096346e-21,0.9999999993006572,6.99342799493861e-10
0.9993870656619609,6.102055257274924e-21,0.0006129343380390203
0.00016221419384726361,3.7281266974331484e-08,0.9998377485248857
0.005302362519920598,7.32684967212869e-11,0.9946976374068109
3.360094387966944e-11,0.9978170641267952,0.002182935839603969
0.999999874734998,9.137353330862924e-31,1.2526500209589e-07
0.9998700875646439,2.700728266750918e-23,0.00012991243535623193
0.0005333330265541548,1.3918166951231993e-10,0.9994666668342641
1.028043282208136e-05,0.003043687873256754,0.996946031693921
7.595096064981164e-18,0.9999998397764384,1.6022356157735927e-07
0.9999999999833016,9.387294400974277e-42,1.6698444265041736e-11
0.9999999996625324,4.417511728536931e-37,3.3746755392780347e-10
2.256458736196211e-15,0.9999933084908823,6.691509115543912e-06
0.9944456612098063,2.0019668377550398e-18,0.005554338790193663
3.163395203004879e-32,0.9999999999999998,1.4511851945338282e-16
1.3198371230624497e-12,0.9993955870526896,0.0006044129459905151
0.27881518619335793,2.8115571438035055e-10,0.7211848135254864
2.356910614426237e-17,0.9999997729160275,2.2708397236974878e-07
0.9999999977269243,1.6915150726045424e-35,2.2730757049249627e-09
8.779364125625353e-32,0.9999999999999998,3.0567437532315494e-16
3.168438929391515e-05,0.0040882909998033535,0.9958800246109027
1.134433090392029e-29,0.9999999999999856,1.4449733692714963e-14
6.92357926707329e-17,0.9999995427041,4.572959001427778e-07
1.8768327221120867e-14,0.9999542261561426,4.57738438385466e-05
0.9986716828673571,5.652947366378936e-21,0.0013283171326428376
1.7825061511727493e-06,1.1429753342176953e-05,0.9999867877405066
6.57272134235207e-05,8.545867005805372e-08,0.9999341873279064
1.0625242545525269e-05,3.020392042394492e-06,0.9999863543654122
1.4526453169478139e-07,0.002936623711161411,0.9970632310243068
0.0001068003584127734,9.38918761329487e-09,0.9998931902523998
5.823020858069873e-17,0.9999994928687259,5.071312739959081e-07
0.9999999999553773,4.4399047736210375e-40,4.462265486537638e-11
0.0026065604174633594,3.409869177591637e-10,0.9973934392415497
2.829507336371591e-13,0.9940270826345681,0.00597291736514896
3.587420666238193e-05,5.046122894499524e-08,0.9999640753321087
1.1636058463927124e-13,0.9998526803367149,0.00014731966316870894
6.924124351875355e-08,0.6814989198880749,0.31850101087068156
6.822455211181482e-21,0.9999999983116579,1.6883421782618162e-09
7.837968528008885e-07,0.0003422445238239133,0.9996569716793233
0.9999994016189505,3.498853033042588e-29,5.983810494311846e-07
1.247119573134385e-29,0.9999999999999893,1.0700347136230637e-14
0.0002144684375909277,8.59961505913549e-05,0.9996995354118178
0.9999999966379132,2.324585247824535e-35,3.362086861098736e-09
1.7309843633696272e-22,0.999999999840459,1.5954096411513906e-10
0.9996478479019436,1.6728777806639648e-21,0.00035215209805630515
2.28236328511872e-06,2.2216880649390436e-05,0.9999755007560656
0.9985747883522264,5.9974289335278955e-21,0.00142521164777372
0.00013370387289683467,8.330665138015122e-08,0.9998662128204518
9.74805026846223e-26,0.9999999999971338,2.866122907371507e-12
0.9998567296761331,9.583746791309776e-24,0.000143270323866755
0.9996881643407588,6.551886831554286e-23,0.00031183565924111265
0.9999998702583568,1.921159886102846e-31,1.2974164335358586e-07
0.9955543406264128,3.9032742743108297e-19,0.004445659373587166
1.439765224362754e-16,0.9999231848918688,7.681510813093605e-05
0.9997219636709858,1.8813845523660605e-22,0.00027803632901415284
2.820300754361651e-29,0.99999999999999,1.0038801051549042e-14
5.466406812652884e-05,1.0622641909231134e-07,0.9999452297054544
0.999891980712361,2.2003426769092143e-23,0.00010801928763897696
8.993170940478629e-11,0.9966824869967408,0.0033175129133274106
0.000580204131799335,3.70128386414372e-09,0.9994197921669167
0.9999999999969582,7.75499301121325e-43,3.04184320069774e-12
3.9585931482941387e-16,0.9999454999884404,5.4500011559158785e-05
0.0001920500032122781,3.6888238125294764e-08,0.9998079131085497
2.573697878356877e-09,0.9469392129990547,0.05306078442724718
0.000404031867421466,3.359587359535234e-09,0.9995959647729911
0.9472767493475055,1.04467228264542e-16,0.05272325065249452
4.776503112669606e-05,4.358226972679316e-08,0.9999521913866035
0.9999765664090032,4.452367014866754e-25,2.3433590996725405e-05
3.6815436581282026e-07,0.020310834950685926,0.9796887968949483
0.0009939676351589228,5.224323800450321e-10,0.9990060318424087
3.8110167230886314e-20,0.9999999863004798,1.3699520138808915e-08
0.9987812955188248,1.3992048695565392e-20,0.001218704481175171
1.2234660357447494e-14,0.999497533754151,0.0005024662458368444
0.0005112021165183588,5.743302309164501e-09,0.9994887921401793
2.5883569916477048e-05,1.4552967631379187e-07,0.9999739709004073
0.9998942396150622,1.502079983509887e-23,0.00010576038493771522
6.668687744184835e-18,0.9999998601129949,1.3988700506027243e-07
9.476581902902018e-08,0.05235520953075526,0.9476446957034257
0.9999710096155283,7.802944633772094e-26,2.8990384471625437e-05
0.9999999416994717,1.0284670500043013e-31,5.8300528292771514e-08
1.2895292672853945e-06,0.00036246736143867586,0.9996362431092941
4.815868815728758e-22,0.9999999996079711,3.9202876057265496e-10
8.915163351459123e-14,0.9999436688833511,5.6331116559579236e-05
0.9999905529904793,6.521460777379736e-27,9.447009520641565e-06
0.999999999740186,8.875868475317565e-38,2.598138828160648e-10
0.9999807153069973,2.5443218937563206e-25,1.9284693002658043e-05
0.999996487144556,1.2283450066868381e-27,3.5128554440609563e-06
0.9999999999952294,1.6804981571345158e-42,4.770616851549967e-12
1.0814460787596772e-07,0.006013321529804128,0.9939865703255879
0.00038836353759280146,2.876906992127025e-08,0.9996116076933373
0.9999999986324373,5.928731696249136e-36,1.3675627353662465e-09
6.238459731309199e-13,0.992770573361078,0.007229426638298202
0.9999999991414503,1.403608065666734e-37,8.585496525486579e-10
1.726164602387843e-07,0.724342268106923,0.27565755927661667
4.918183932844917e-24,0.9999999999716511,2.834894516363939e-11
3.577418233378868e-08,0.011351436649850225,0.9886485275759674
3.79443889671674e-16,0.9999973496055781,2.6503944214549876e-06
1.5903181510096213e-08,0.8654030141082423,0.1345969699885762
0.9999988020166829,3.7353047102482876e-28,1.197983317224501e-06
0.9930955042583672,2.8954019002110783e-19,0.006904495741632731
6.771905099798383e-17,0.9999994343558565,5.656441435910115e-07
0.9998433712276898,1.9796807841741798e-22,0.00015662877231022548
0.008998506420190948,1.3032420880808829e-11,0.9910014935667766
0.01872028347748586,9.425759405308982e-12,0.9812797165130883
0.999999999986358,1.8924994461772896e-41,1.3642079461909956e-11
3.820849133836432e-05,2.3244994080770964e-06,0.9999594670092535
0.9999999980378169,2.656415393983339e-35,1.9621830133468785e-09
0.9999972924740986,1.4945796300038223e-27,2.7075259013404117e-06
4.079460693014653e-08,0.8639924272382131,0.13600753196717988
0.9999972543173595,4.841901748365345e-27,2.7456826404676824e-06
0.00026608028270308634,3.1993666412750656e-09,0.9997339165179303
3.5794533756938163e-09,0.8951961392523899,0.10480385716815667
5.0926179107943694e-15,0.9999921406927742,7.859307220532882e-06
0.9999890897137167,1.5868062080147198e-26,1.0910286283397925e-05
0.9999375589605696,5.365914024389123e-24,6.244103943054553e-05
3.1872253696111853e-20,0.9999999958010812,4.198918699261741e-09
0.9988040664275968,2.072072546603827e-21,0.0011959335724031825
1.4434072128078538e-26,0.9999999999992251,7.749792683496341e-13
0.999991309068889,2.978405785315507e-26,8.69093111096142e-06
1.12454061188083e-08,0.07827747610238005,0.9217225126522139
0.9999999999960845,9.596303533924075e-43,3.915559553831697e-12
1.3922680071521719e-06,8.164397242322153e-05,0.9999169637595696
0.999999999992478,7.400895284406528e-42,7.52206126173822e-12
0.9899232079505736,8.651200726173329e-19,0.01007679204942648
8.603717730422938e-17,0.9999986840562196,1.3159437804772389e-06
9.362452087373407e-33,1.0,8.785902377554167e-17
0.9999999990293948,7.230339658588763e-37,9.70605128875846e-10
1.6896654674062338e-18,0.9999998793914423,1.2060855766175892e-07
2.8692386002043513e-05,4.0618663928836606e-07,0.9999709014273586
4.517469237791787e-07,0.0005854375886356222,0.9994141106644405
2.0063202594495703e-27,0.9999999999998548,1.451504210848826e-13
1.8120288803193362e-15,0.9999986124372975,1.3875627006461939e-06
6.484593743491703e-05,5.791995366487479e-08,0.9999350961426114
1.934419728345521e-16,0.9999990119483361,9.88051663617804e-07
0.999998343250199,7.384117486327787e-28,1.6567498008998558e-06
0.009237093782113669,1.6074758461029723e-10,0.9907629060571387
1.2028281444358911e-05,0.0017437446684668472,0.9982442270500888
1.0251832595725696e-19,0.9999993492609676,6.507390324969523e-07
0.999032647627109,2.5247140791743217e-21,0.0009673523728910389
0.9919577269289293,9.158933125122931e-18,0.008042273071070853
1.6537393177298184e-26,0.9999999999988185,1.1814221293582234e-12
2.5350006340416518e-14,0.9983323190712847,0.0016676809286899205
0.9999968170411264,4.5389402148770586e-27,3.1829588735409026e-06
0.9999999988158905,2.7672692471618717e-37,1.1841094773779364e-09
0.0006690420742496508,4.3154977562589955e-10,0.9993309574942005
2.803857906144373e-18,0.9999999637493155,3.625068456592015e-08
1.9459166729123564e-18,0.9999999311413951,6.885860485577887e-08
1.1994231535993706e-31,0.9999999999999993,5.747577279635781e-16
0.9999999993239752,6.995352327822885e-38,6.760248020608172e-10
0.9999999999982228,3.5311588075678012e-43,1.7771467153146049e-12
0.9999999439785903,7.500427982133081e-33,5.602140974642891e-08
0.9999999988172255,4.1397854349885414e-37,1.1827744671442052e-09
0.999999999998515,7.951731110530451e-44,1.4850826951740816e-12
3.913504739711586e-19,0.999999968095831,3.190416901059301e-08
1.6189071611858763e-13,0.9999267940629801,7.320593685796661e-05
0.0019114388457931934,8.705512244606328e-11,0.9980885610671517
0.028404977520003264,4.663112539746848e-12,0.9715950224753337
4.843550997372442e-32,0.9999999999999996,3.4471439281317125e-16
3.4614735633618643e-07,0.0004275731069040398,0.9995720807457396
2.539248969631086e-14,0.9999639359601137,3.606403986101905e-05
0.9999927554435457,4.2705479691615366e-27,7.244556454237306e-06
3.1785450470021723e-22,0.9999999996882383,3.117616848952861e-10
0.9999995982019065,3.9419147677909765e-29,4.0179809337008736e-07
0.9999802766116737,1.2998642644417149e-25,1.9723388326309013e-05
0.000968701252471231,3.547609609861848e-10,0.9990312983927677
0.9999999921319339,2.876075925131035e-35,7.868066215108e-09
1.1201329631351783e-27,0.9999999999998295,1.7046541567490868e-13
1.8202739907137535e-19,0.9999999890832446,1.091675548904257e-08
7.359497835320358e-08,0.0034119828480926686,0.996587943556929
0.9999712787938407,7.072657880085439e-25,2.872120615931761e-05
3.967117339952743e-08,0.008220010452706497,0.9917799498761202
3.983165041385658e-14,0.9999393110963392,6.068890362103611e-05
0.999999003205351,9.915661946196093e-29,9.967946491707844e-07
1.5067111225215156e-08,0.07149187059075314,0.9285081143421356
0.9652961534540585,6.379852909790031e-17,0.03470384654594147
4.899744212122844e-15,0.9999837876061946,1.6212393800629577e-05
0.00025598483473791275,2.081702493381509e-05,0.9997231981403283
0.9618276610890089,1.1289424497718043e-17,0.03817233891099118
0.9999999999940037,2.628357506918761e-42,5.996366331968488e-12
0.5692069084149594,2.669810992530203e-11,0.4307930915583425
3.697054495373149e-06,2.2695034760688265e-06,0.9999940334420286
0.00031198544128567676,1.5765491543847192e-09,0.9996880129821651
8.322932095267855e-09,0.0738894104056089,0.926110581271459
5.458608072563388e-28,0.9999999999999316,6.84489865170468e-14
1.9221799421793576e-16,0.9999990795712478,9.204287519871184e-07
1.6968968016041784e-18,0.9999999545638011,4.543619904079489e-08
2.2948859206071853e-16,0.9999984628918935,1.5371081060978927e-06
2.5218542283892804e-25,0.9999999999977491,2.2509587006993388e-12
4.064052837700199e-24,0.9999999999786271,2.1372808263446797e-11
0.0036836854700349254,1.4572503868975225e-10,0.99631631438424
0.0001331525443590186,9.069602153030223e-08,0.9998667567596196
0.9999999999989024,1.0819433035125381e-43,1.097630001402121e-12
0.0005974447832738322,1.4185424188553563e-05,0.9993883697925376
0.003065401661986874,4.2480967977203536e-10,0.9969345979132034
8.88673451218527e-30,0.9999999999999907,9.316506456251414e-15
6.340612991251496e-19,0.9999990513945788,9.486054212879245e-07
0.9999999999980473,3.9623512976161155e-43,1.952652554277544e-12
0.003989116656145608,4.5935429532055155e-11,0.9960108832979191
3.9150200517182947e-25,0.9999999999937335,6.266609290630479e-12
3.9841796025322733e-25,0.9999999999972604,2.7394881936461053e-12
4.8720005953363895e-33,1.0,4.0584766709798e-17
4.80186096119636e-13,0.9997374962303206,0.0002625037691992844
5.667900434428291e-21,0.9999999945293301,5.470669959187321e-09
2.4925691261519166e-22,0.9999999997578815,2.421185775948038e-10
0.9990966204480238,1.992347830860793e-21,0.0009033795519762656
4.1810158093943973e-13,0.999813763389301,0.00018623661028101428
0.0012536162936940608,2.5184314797415403e-10,0.9987463834544629
3.0012513685729063e-13,0.9968155991527115,0.0031844008469883406
1.2315378067080326e-05,1.63764492503546e-06,0.9999860469770079
0.9999999999982336,1.1020636049896723e-43,1.7663154863030437e-12
2.271459046477988e-21,0.9999999983722851,1.6277149492448708e-09
0.9999999999974223,5.286067218701545e-43,2.5777416194611514e-12
6.494303513294934e-29,0.999999999999984,1.6054736547666858e-14
5.030435708497004e-15,0.9996507057556174,0.00034929424437744454
0.9999989533395158,5.005803064961671e-29,1.0466604840965616e-06
8.808098522921647e-06,2.3319253161568476e-06,0.9999888599761609
0.9999999999896174,1.98791739282372e-41,1.0382541796746334e-11
2.991457069475184e-20,0.9999999955988494,4.4011504855027565e-09
2.251378454379441e-19,0.9999999876348885,1.2365111443207554e-08
0.9957562249725933,7.057994600719222e-20,0.004243775027406716
0.9999651496806383,1.2845461427941216e-24,3.485031936172863e-05
8.783803725166032e-09,0.875998611868447,0.12400137934774932
2.64443491187649e-08,0.007493267629768966,0.9925067059258819
0.0010242864829227115,2.2194441399867337e-06,0.9989734940729373
6.252259668479754e-13,0.9997632714937893,0.00023672850558568637
0.9998182387158641,2.4074374291265195e-23,0.00018176128413591213
1.9403866763164566e-06,4.1156202544554795e-05,0.9999569034107791
7.80972986708459e-18,0.9999884758247822,1.1524175217832312e-05
1.5236578729318721e-15,0.999994625114623,5.374885375556391e-06
1.4149039160843237e-15,0.9999930576902615,6.942309737233087e-06
1.714379352293513e-25,0.9999999999036906,9.630949316609404e-11
0.00012724546153580556,3.0877497149164865e-09,0.9998727514507144
2.510626382184495e-06,0.031425988765905084,0.9685715006077128
6.678300584895038e-06,1.0762404499611711e-05,0.9999825592949155
0.9993194345770133,1.8564028812943914e-21,0.0006805654229865711
3.7950806849985497e-25,0.9999999999983455,1.6543434606577056e-12
0.9999999980915817,1.0193261100620111e-35,1.908418265741031e-09
6.720890095357001e-08,0.7660253334914049,0.2339745992996941
0.00025819491155332637,3.128262332527164e-09,0.9997418019601844
0.0007432002799695741,2.9093241613163624e-09,0.9992567968107063
4.1125139925927434e-06,4.23290487823694e-06,0.9999916545811293
0.9999999999969431,5.241847928868029e-43,3.0569854571463757e-12
2.2808691949689485e-21,0.9999999986442609,1.3557389823534686e-09
0.9987783226364612,1.2177894834851864e-20,0.001221677363538828
0.9997040499642542,7.404652846139269e-23,0.0002959500357456404
0.9999071073518571,5.434840279054693e-24,9.289264814291537e-05
0.9999999796477412,4.3797177767759665e-33,2.0352258771313488e-08
4.5692249616553753e-23,0.9999999998596507,1.4034938446682128e-10
0.003742943558119349,7.022378546244174e-11,0.9962570563716568
9.571325070114427e-19,0.9999999268481645,7.315183536237069e-08
0.9999986824189636,5.096912717665661e-29,1.3175810365165115e-06
0.9991117344956008,1.3522368566985805e-20,0.0008882655043991534
2.404231939453232e-15,0.9998255204496543,0.00017447955034329365
0.999843725759082,1.3884601241672981e-22,0.00015627424091799522
4.8085303180202516e-20,0.999999994572321,5.427678911730477e-09
7.760108878988816e-20,0.99999998632607,1.3673929948203849e-08
0.999999999796116,1.8773516903756254e-38,2.0388411008004007e-10
0.9993087499899632,1.7490461076508345e-21,0.0006912500100367603
0.9999999999943503,4.5473369553827746e-42,5.6497858935624454e-12
8.575837770725593e-35,0.9999999999999998,2.58619920115441e-16
0.9999999993570803,3.6965200364896364e-37,6.429196096703413e-10
0.00037297007490048927,1.2140351123705014e-05,0.9996148895739757
6.108260227417946e-17,0.999999166637043,8.33362956996197e-07
0.9999958785968804,1.0515765829016563e-26,4.1214031196634394e-06
1.1499514887370757e-16,0.9999388015605041,6.119843949583098e-05
8.998923268660484e-07,0.20678641122920474,0.7932126888784684
0.9999427905821828,2.6056921090297507e-24,5.7209417817229064e-05
9.50125813132237e-05,9.687855822756835e-08,0.9999048905401285
0.9996464402867755,1.0300909038352012e-22,0.00035355971322441744
0.9999999999881466,1.4306924576143072e-41,1.1853298096839041e-11
0.9763626972891384,2.0823955733534024e-17,0.02363730271086163
0.9999980362074425,5.009050861047085e-28,1.963792557514064e-06
4.272756056411719e-21,0.9999999990022697,9.977303838235403e-10
8.442527393549137e-09,0.9048526715377926,0.09514732001968007
2.542310260156146e-25,0.9999999999948961,5.104017210940654e-12
0.9999999986285837,5.079316121189237e-37,1.3714164100970779e-09
0.934253677067124,2.540008879444781e-16,0.06574632293287579
5.890631936919402e-14,0.9998939308561263,0.00010606914381478291
3.051762368690274e-29,0.9999999999999907,9.308432646197839e-15
0.0010272568506140757,1.6231843820332016e-06,0.9989711199650039
8.61240294272847e-06,1.114241015096645e-06,0.9999902733560422
0.9999999842949323,2.0936070022973664e-34,1.570506776566616e-08
1.7067397536405143e-10,0.681722600904936,0.3182773989243902
6.651849402563605e-13,0.9945321941590942,0.005467805840240629
1.480829427185035e-23,0.9999999999480671,5.193297779129228e-11
2.225158476148153e-21,0.999999960989518,3.901048190960986e-08
8.200719531633424e-21,0.9999999951090521,4.890947904424701e-09
0.9999946763268314,2.5081603086148113e-27,5.323673168638561e-06
2.673851901783804e-06,2.4099721807532097e-05,0.9999732264262906
0.9318225537768502,1.638859963279534e-16,0.06817744622314964
7.376742258054124e-13,0.9923444122496872,0.0076555877495750125
2.7437567247118883e-21,0.9999999988907491,1.1092510090983705e-09
4.056061168796189e-05,2.881036391463706e-07,0.9999591512846729
1.2999867174444148e-07,0.00015119244675952897,0.9998486775545687
3.187431271217556e-22,0.9999999718432234,2.8156776506279385e-08
2.4728392210503242e-05,1.8770200214581762e-07,0.9999750839057873
3.3999461041373283e-07,9.02668906211212e-05,0.9999093931147686
2.5513419433666846e-06,0.12925883909929478,0.8707386095587619
2.81370026729331e-10,0.6968016821252202,0.30319831759340987
2.582690440372002e-06,1.7083981512473794e-05,0.9999803333280471
0.9999937174077161,6.759353243321797e-28,6.282592283835706e-06
2.7307972839777385e-25,0.9999999999964273,3.5727620958112097e-12
3.5630155036823484e-28,0.9999999999964742,3.525813430781324e-12
7.442115281543565e-06,7.049952431857909e-07,0.9999918528894752
0.9999999999961242,7.0930503611043025e-43,3.875844527042273e-12
0.9999999999839784,1.7133654661903817e-41,1.602152057160973e-11
0.9999999999992433,7.96906021289217e-44,7.567611116505584e-13
1.0254685949696273e-19,0.9999999907544795,9.24552040577421e-09
5.0322761910158775e-11,0.9353837670839463,0.06461623286573107
1.5071365120681114e-11,0.9987480480483346,0.0012519519365940446
1.293122643172849e-07,0.7004667021691894,0.2995331685185463
0.001476206585474354,5.35827674928559e-09,0.998523788056249
5.4109367893667706e-20,0.9999995330881619,4.6691183806803987e-07
1.932498637026013e-05,0.05361109031929444,0.9463695846943352
0.0001577375176722263,1.4718698878534146e-05,0.9998275437834492
0.9966584358214914,3.9485042711252024e-20,0.0033415641785085803
1.187158921383755e-11,0.9361146608047707,0.0638853391833576
0.9999998911134255,7.945453031326725e-29,1.0888657464688543e-07
9.256662013464885e-20,0.999999989455845,1.0544154993642189e-08
0.9998248351814812,1.0869207421539993e-22,0.00017516481851880477
0.9999287300747955,6.415298565524813e-24,7.126992520445786e-05
1.7091040616027399e-09,0.4912301553505187,0.5087698429403773
1.4216805390276628e-15,0.9999948910373314,5.108962667236764e-06
0.975845101585504,1.348181704955233e-17,0.02415489841449607
1.2204911094704539e-08,0.8939103128068936,0.1060896749881954
4.5072424677874035e-05,9.720497430564248e-08,0.9999548303703478
0.002160075008256972,4.039903669775771e-10,0.9978399245877527
1.5858436945907217e-05,1.6224763154887019e-06,0.9999825190867385
0.08309357410486716,1.7949030822814081e-12,0.9169064258933379
0.9999989459381381,3.606356597002157e-29,1.054061861860691e-06
3.4313021243763807e-28,0.9999999999999807,1.9380671850443494e-14
1.1229325180318223e-29,0.9999999999999929,7.19850161661439e-15
0.0029166160196972646,6.477891712061215e-11,0.9970833839155239
9.699862274310378e-18,0.9999998006328128,1.99367187302479e-07
0.0002823306569756333,1.6138258282868097e-08,0.999717653204766
0.015757658721464497,1.5755920322340343e-08,0.984242325522615
0.0010866139584964714,2.462580088318774e-10,0.9989133857952455
3.651540638037183e-07,0.0021104479292888157,0.9978891869166473
6.620777091750937e-06,1.9136887355338454e-05,0.9999742423355529
1.405451671771298e-06,0.08043408295173979,0.9195645115965885
0.001967341273468899,2.768625341592793e-10,0.9980326584496686
4.663458638817915e-10,0.9907060628071369,0.009293936726517177
3.6011638155136714e-09,0.9586476273302476,0.04135236906858853
0.9998845380044731,6.260752901113518e-24,0.00011546199552707854
6.361092624219947e-23,0.9999999997483997,2.516004031362729e-10
1.794196735827476e-08,0.869449155665126,0.1305508263929066
1.1470080951546939e-06,0.00013246332519311412,0.9998663896667117
0.9999288704393027,2.1421139767756055e-24,7.11295606973843e-05
7.501220555378923e-32,0.9999999999999993,5.685877532575892e-16
9.641443446890165e-06,7.577128266110314e-07,0.9999896008437265
0.9905982382174457,8.3682028939323405e-19,0.009401761782554282
0.00026291093204463504,4.539464015847017e-09,0.9997370845284913
2.7798927179341594e-29,0.9999999999999851,1.4832479730008108e-14
0.5276348454468175,2.0962132037262064e-11,0.47236515453222044
0.9967026732323812,5.3669973676286854e-20,0.0032973267676188007
0.0007072590641520885,5.944289551412624e-06,0.9992867966462965
0.0059767875104448495,1.8734884436724726e-10,0.9940232123022064
4.574807226802186e-09,0.4342041868338263,0.5657958085913665
6.730416214033188e-07,3.530518228159461e-05,0.999964021776097
5.6805598988847386e-30,0.9999999999999929,7.0415492841724395e-15
0.9933912385919769,1.2375543805604728e-19,0.006608761408023092
6.667570142449746e-19,0.9999998735852877,1.2641471228229734e-07
0.9999999965398665,1.239505950358513e-35,3.4601333941937856e-09
4.451531859009254e-06,4.296969535216671e-06,0.9999912514986058
0.999906995634033,3.407586933066155e-24,9.300436596711822e-05
5.319188943189832e-18,0.9999999022054591,9.779454084972116e-08
0.0037187667245030935,3.1551893770157516e-10,0.996281232959978
1.3524937451066333e-07,0.0007311143667349986,0.9992687503838904
0.9999999999985683,2.3403082707407187e-43,1.4317227538136115e-12
0.9999999993652764,1.3549598006527886e-37,6.347237174295753e-10
9.094456171397638e-14,0.9968480505995168,0.0031519494003921593
0.9999026967696472,1.0290790061081914e-24,9.730323035274191e-05
0.020089222684587432,1.79681953116284e-07,0.9799105976334594
0.9999999407531537,1.6157021555050716e-32,5.924684627949795e-08
1.1685020026723531e-07,0.00361043103409443,0.9963894521157053
0.9966426582560252,2.3499303420370326e-19,0.0033573417439749275
2.178233671452943e-09,0.19455988988937264,0.8054401079323936
0.99999999863267,1.0035518137436675e-36,1.3673299880997559e-09
3.8527175896155625e-05,5.348497638616185e-07,0.9999609379743399
9.654842350445301e-32,0.9999999999999996,4.8424934052856565e-16
0.0014818742718426601,3.6785903387894295e-10,0.9985181253602984
1.0154454266858403e-18,0.9999999416627129,5.833728705103984e-08
6.52954777294162e-15,0.9999907406460161,9.25935397748824e-06
5.004410918063179e-13,0.9944248281322918,0.005575171867207893
1.395212165688309e-32,0.9999999999999998,1.6570415596097561e-16
0.9999984868832092,2.1678171453488007e-28,1.5131167906374703e-06
1.159425273503477e-05,5.562902950101468e-07,0.9999878494569698
4.2582571435305706e-07,0.40358575983868533,0.5964138143356003
0.999999582640334,3.205085479700906e-30,4.17359666018238e-07
6.491894091182032e-05,1.7178415751318272e-06,0.9999333632175129
4.161984538621153e-16,0.999830506832753,0.00016949316724652145
0.9993943789017543,2.0277971960716738e-21,0.0006056210982456058
0.9999999657701936,1.159970963312899e-33,3.422980640626168e-08
5.117088456908369e-25,0.9999999999959039,4.0960530444247504e-12
0.9999999727408159,5.755844338174636e-34,2.7259184268709174e-08
1.771762793405365e-08,0.8732462149344978,0.12675376734787422
3.696740754890336e-06,3.3647148061323386e-05,0.9999626561111837
0.9999877839522834,1.3276104420265134e-26,1.2216047716615584e-05
0.9999945836699455,1.379197024991297e-26,5.416330054365486e-06
0.9999999994935902,1.881092568542638e-37,5.064097392293119e-10
0.9999439110143674,3.320172971624264e-24,5.608898563251818e-05
6.296863362201479e-12,0.997772523541348,0.0022274764523550284
0.0031746196774181945,3.068188567280891e-11,0.9968253802918998
0.0005468594433108777,1.4006299524020104e-09,0.9994531391560592
0.9999999145364882,3.929707475499884e-31,8.546351195669964e-08
5.979843835652776e-31,0.9999999999999987,1.3812681649800643e-15
0.9999999996469002,3.024598529615404e-37,3.5309968258513713e-10
7.697717682441974e-17,0.9999992666949589,7.33305041199121e-07
2.9697275788507315e-06,2.912723975843613e-06,0.9999941175484452
0.999999999581209,1.0125426495075885e-37,4.18791038093738e-10
0.9992377066849529,8.875262344243637e-21,0.0007622933150471003
9.7027475042922e-06,0.0017932007928299618,0.9981970964596656
2.759039599310734e-09,0.9745033786143306,0.025496618626629806
6.758441568452504e-11,0.7265382947401017,0.27346170519231383
0.9999941845107616,1.1203483973085059e-26,5.815489238255558e-06
9.745913904312726e-05,1.7465184328808061e-09,0.9999025391144385
5.407527160066255e-08,0.0060460277334821715,0.9939539181912461
6.8225462688784e-12,0.9993260318673935,0.0006739681257838815
0.00041381753326415,2.8266884525331895e-06,0.9995833557782834
0.9998928120731135,8.981269949166968e-24,0.00010718792688657875
0.9945015330944438,4.0817192084941374e-19,0.005498466905556348
0.9999999938561677,6.426654032893759e-34,6.143832213999515e-09
1.0687423123679396e-18,0.9999999743234234,2.5676576684995987e-08
1.6889178692142796e-05,1.9709984286272115e-06,0.9999811398228793
2.671182545371536e-08,0.9109077610612916,0.08909221222688309
0.9999997619544274,2.1749907499644025e-31,2.3804557259467568e-07
9.513517309792753e-12,0.9658494290342857,0.03415057095620086
3.3762873487838565e-19,0.9999999709624663,2.903753382585622e-08
2.9235773946994007e-08,0.009440732463292361,0.9905592383009336
5.342930494039193e-32,0.9999999999999998,2.8806572406155464e-16
8.33704316339342e-23,0.9999999998656368,1.343632839749173e-10
0.9999982516348643,1.1146644582807875e-28,1.7483651355563676e-06
3.702529633731485e-15,0.9999931845210626,6.8154789335700014e-06
0.00981404749710329,3.645758379577074e-11,0.9901859524664393
0.997762528917388,1.6417632892436626e-20,0.002237471082611979
0.001006563192667367,4.089379833040988e-09,0.9989934327179527
0.9999999999971725,5.000896604745766e-43,2.827573131972888e-12
1.0344460087326354e-32,1.0,8.308308108614951e-17
1.1438044141470205e-28,0.9999999999992291,7.709795709677483e-13
3.2178470958285404e-17,0.9999997648895886,2.351104114052577e-07
6.02853770459432e-08,0.5967151932050271,0.40328474650959567
0.9994616360619291,1.0028111244731361e-21,0.0005383639380708382
1.0882465358527294e-08,0.039058816445533856,0.9609411726720007
6.252209401544113e-07,4.896571010896011e-05,0.9999504090689509
0.9999999963606978,6.454218061819094e-36,3.6393020991318523e-09
0.00049167010322801,5.032878119659532e-09,0.999508324863894
0.00027967095767512967,1.390268003042063e-09,0.9997203276520569
4.04386634633314e-17,0.9999992101896887,7.898103112499933e-07
4.5612801245940714e-08,0.005378310031288775,0.9946216443559099
0.9999705197849308,2.2047809468868117e-25,2.9480215069103574e-05
0.9996704963805624,1.1432257840152883e-21,0.00032950361943764005
0.9999999998624629,5.215725435089048e-39,1.37537201164556e-10
7.693954904392802e-08,0.017081112420298913,0.9829188106401522
5.16874914918503e-08,0.03640334700950706,0.9635966013030014
4.163669994539756e-06,1.3870454428693723e-05,0.9999819658755768
0.9999999995425866,4.073370956449681e-37,4.574135034439987e-10
0.9999978132154249,7.825909607087935e-28,2.1867845750492186e-06
1.6455199341283035e-06,6.876055382642832e-05,0.9999295939262396
0.0012078251196911281,5.985726492449045e-10,0.9987921742817363
0.00024598141535616633,1.9573947402675148e-09,0.9997540166272492
9.211626617978028e-06,0.005268953390753422,0.9947218349826286
1.7537949602246834e-14,0.999978769847216,2.1230152766481314e-05
1.1424807785800586e-06,1.3410073074574187e-05,0.9999854474461469
6.72758950134652e-24,0.9999999999702083,2.979169895340174e-11
0.9999776784486107,2.924780076325107e-26,2.2321551389315447e-05
0.009861745685693923,6.979766385936913e-11,0.9901382542445085
3.000987967978766e-21,0.9999999984507162,1.5492838417644836e-09
6.775423387266391e-08,0.041153427470848984,0.9588465047749172
1.588251444521309e-21,0.9999999993019619,6.980381588503521e-10
0.9999999999910869,3.6880859097133764e-42,8.913007284788309e-12
0.9999999999935802,4.516173108439718e-42,6.4196526739576865e-12
7.388318398042547e-29,0.9999999999999734,2.6676501922710045e-14
0.9999955905308506,2.9742734554148765e-27,4.40946914939119e-06
1.9162793157665205e-08,0.03635639431633177,0.9636435865208751
0.9998866885445428,1.2833523203936932e-23,0.00011331145545722382
5.889726528836724e-07,0.0005026056558347811,0.9994968053715123
0.999974205812631,3.9557340466134795e-25,2.5794187368954882e-05
0.999869210991049,5.311500743973308e-23,0.00013078900895108407
5.690774635234361e-31,0.9999999999999976,2.3543155505154815e-15
3.941856507995858e-17,0.9999772374082309,2.276259176915392e-05
1.3147692166070524e-06,5.6318429755501136e-05,0.9999423668010279
1.554935998152567e-07,0.0004888268639026564,0.9995110176424976
2.4795440507626503e-25,0.99999999999615,3.849994145677893e-12
0.9999898078301137,2.5190718706941374e-27,1.0192169886313935e-05
0.11335622179142954,2.0987189987291553e-09,0.8866437761098515
0.0026926103383779947,1.2754129275582982e-10,0.9973073895340807
8.564072922180993e-07,0.04938999781569188,0.9506091457770158
5.858387119915284e-16,0.9999972759625674,2.724037431942359e-06
1.6889560381980807e-08,0.009640175153308493,0.9903598079571311
2.3435714207747742e-06,0.3818283553803118,0.6181693010482674
7.62591063771175e-14,0.9976449769100195,0.002355023089904421
0.9996440035131673,1.6880377803299368e-22,0.00035599648683263944
0.9999999993031392,1.3988735209251763e-37,6.968607009713939e-10
2.477562338726111e-07,0.535870000615017,0.4641297516287492
0.9999993607490062,5.224447141662846e-29,6.392509938541793e-07
0.999673230770514,2.5637882364776308e-23,0.0003267692294860161
1.3017660817287437e-12,0.9879785922921264,0.012021407706571757
1.3277247438217686e-06,6.972152397428289e-05,0.9999289507512819
2.073461949780815e-20,0.9999999954769336,4.52306624015207e-09
5.942916395929586e-13,0.993812238308345,0.006187761691060847
0.9999995241666445,5.841647885311404e-30,4.7583335534715464e-07
0.9999987437900208,2.0124076222414101e-28,1.256209979048591e-06
3.902064142417425e-23,0.999999999919273,8.072705068622867e-11
9.54619952658258e-19,0.999999973492202,2.650779799989598e-08
0.9999999999910056,3.97365409573583e-42,8.994396372324975e-12
0.027665997737198817,2.1906033442034422e-09,0.9723340000721978
1.9155996987194692e-27,0.999999999999829,1.7106705118436495e-13
6.6385253429138896e-12,0.9991833462161958,0.0008166537771656536
0.9993451472116726,3.6253443590480884e-21,0.00065485278832738
0.9999999999877063,4.4971274513463653e-41,1.2293781668056313e-11
5.3867504118967084e-11,0.9943504840918446,0.005649515854288039
6.80116919774432e-07,3.7189552237427146e-05,0.9999621303308428
0.9998847489421749,2.0479782122226222e-23,0.00011525105782504106
0.9999999999145095,3.986366270160204e-39,8.549041108192802e-11
1.0495805974297407e-05,0.0009473495977327856,0.9990421545962929
0.9976227322414779,1.0214739826660094e-20,0.0023772677585220344
0.9999667796504825,7.98684911674662e-26,3.32203495175964e-05
8.199106266974166e-09,0.08396313157047026,0.9160368602304235
0.999992779366185,2.4024928602601095e-26,7.220633814980414e-06
0.999999461388121,1.315027857321185e-29,5.386118790663494e-07
7.038341923662631e-05,1.931312347556893e-07,0.9999294234495286
0.9999999999976901,1.444416705160801e-42,2.309917972403676e-12
0.004072021567687266,7.200225117215625e-11,0.9959279783603106
2.3526394080682356e-14,0.9999863695650378,1.363043493858174e-05
1.404200639807304e-14,0.9999926290515321,7.370948454007644e-06
0.0021879921771023342,3.28389200678052e-10,0.9978120074945084
0.9999999995046882,1.1390164789271247e-36,4.953118048771816e-10
0.9999745061542271,1.386374341932663e-24,2.549384577283495e-05
8.385349396441698e-16,0.9999962766602346,3.723339764469104e-06
0.009054666406044175,1.1675303609881846e-11,0.9909453335822805
0.02094617862959312,4.6049536905120504e-09,0.9790538167654531
0.00013830392278480673,3.3069587915706026e-08,0.9998616630076272
0.9999668337233066,1.8943628782892238e-24,3.3166276693258434e-05
5.243702682293425e-21,0.9999999994509168,5.49083263283941e-10
2.4040806760420134e-05,1.2397646773868976e-06,0.9999747194285622
0.9999552217913965,2.5075310394977257e-25,4.477820860348074e-05
0.00029056149980994544,7.578794778819693e-09,0.9997094309213953
2.114804975679164e-06,1.740300716839369e-06,0.9999961448943075
5.140296882939523e-20,0.9999999889265608,1.1073439064402772e-08
0.9999999999909213,8.028305941536735e-42,9.07874975044797e-12
0.9999999995682483,2.5062424669655513e-36,4.3175174794576035e-10
0.00016000789194338727,1.169000494329315e-08,0.9998399804180516
0.00018639282355868,1.2546553097872845e-08,0.9998135946298882
0.9999989079461216,5.524939407980659e-29,1.0920538785599924e-06
0.9999999995844113,4.357970433003889e-37,4.155885889496006e-10
4.592463321033275e-11,0.9968501678189773,0.003149832135097898
2.037628734563765e-21,0.9999999990442539,9.557461503025106e-10
0.000261281931956347,1.006289687639502e-08,0.9997387080051467
2.456417697450834e-07,0.20444477633453917,0.795554978023691
0.9929927182707944,2.167644319788532e-18,0.007007281729205566
2.897398882043003e-27,0.9999999999998477,1.5231108956096566e-13
2.0473777987041416e-08,0.9013452851740766,0.09865469435214538
0.9999985958512759,2.321691846161991e-28,1.4041487241153834e-06
0.9999999999495444,1.9041970123537606e-39,5.0455577717574314e-11
1.8526403985202316e-06,0.08864831490158226,0.9113498324580193
0.9999997857095562,3.78886697846082e-31,2.1429044381862816e-07
1.2784071499957949e-17,0.999984232009601,1.5767990399150976e-05
0.9999997466710526,1.353386663031313e-30,2.533289474671679e-07
5.212851665710464e-07,0.0002976071044361818,0.9997018716103971
7.227018146669423e-15,0.9999938952377,6.1047622926137215e-06
0.021043815400264516,1.4604026449117425e-06,0.9789547241970906
0.005067730246529813,6.188516362250614e-11,0.9949322696915851
2.977941304858216e-25,0.9999999999884832,1.151672389966525e-11
8.298328568934275e-07,2.5384886158608437e-05,0.9999737852809846
0.9999999997136018,1.9376957720700295e-38,2.863982243043873e-10
0.9999957171815068,1.2306691476253857e-26,4.282818493287771e-06
8.484807766129989e-06,6.758820626281851e-06,0.9999847563716077
0.9999165317262793,5.966760900187494e-24,8.346827372074573e-05
7.459765924952572e-18,0.9999998333647364,1.666352636719289e-07
0.995214888182294,4.866292351176882e-20,0.004785111817706053
0.9948775966117884,5.311820422087482e-20,0.005122403388211456
0.9979587972411017,3.3393912034684184e-20,0.0020412027588982617
1.6104832366125453e-21,0.9999999638626536,3.613734654596331e-08
0.9999997967768006,1.4756039271185969e-30,2.032231994712053e-07
2.9544589856225398e-05,2.9484265472455665e-07,0.999970160567489
2.3247864796762399e-07,0.0011124340620319501,0.99888733345932
9.369011046112791e-28,0.9999999999999083,9.162152309810884e-14
0.9999896031644462,3.446327034722217e-26,1.03968355538876e-05
1.0109090235501853e-18,0.9999999256582732,7.434172671223715e-08
7.955180505575332e-23,0.9999999999089031,9.109700974674503e-11
5.638956161690468e-23,0.9999999998730897,1.2691028634525208e-10
0.9999999977944276,7.065587700230797e-36,2.2055724065413226e-09
0.0014949669985415148,8.294357161544735e-11,0.9985050329185148
1.2066357708132684e-05,8.353088609022692e-07,0.999987098333431
0.000692469181458657,5.066918142322862e-09,0.9993075257516232
7.582599016417726e-13,0.9997790811064641,0.000220918892777459
2.0992288065018962e-07,0.38828442292590726,0.6117153671512121
6.672231013834548e-26,0.9999999999964362,3.563851356985697e-12
0.9996468156181254,1.8860306024670555e-22,0.00035318438187458603
0.9999997720392997,6.37867628058516e-30,2.2796070040628476e-07
0.9999980945404511,3.530127159911988e-29,1.905459548994913e-06
0.0001837098187667561,4.399263366209555e-05,0.9997722975475712
5.796733537719294e-11,0.9931241869071447,0.006875813034888065
1.0950212393579726e-28,0.9999999999999738,2.6265025285319634e-14
0.9998671167535937,5.9429889765343016e-24,0.00013288324640618399
1.9604173312289974e-17,0.9999996548045932,3.4519540677152425e-07
0.0002481678458661611,5.9428960429765035e-09,0.9997518262112378
5.407325761496568e-08,0.003381650824697857,0.9966182951020446
2.241016564904338e-19,0.999999985093708,1.4906291876894496e-08
1.61915633090345e-07,0.0011579843602864404,0.9988418537240805
0.9938875199164646,8.451020362056653e-19,0.006112480083535472
2.1315407373802385e-15,0.9998752814243526,0.00012471857564524028
2.238894075576285e-14,0.9993371932661826,0.0006628067337949878
0.9999373926726993,1.8575349841726847e-24,6.260732730062624e-05
0.9999926639144432,2.05572045069897e-26,7.336085556706537e-06
0.9999999987102082,1.252939021049058e-35,1.289791886334652e-09
9.79156605190258e-05,9.76602706017409e-09,0.9999020745734539
1.1894359658486264e-12,0.9806980107604487,0.019301989238362034
0.9999999986282966,4.997805631130706e-37,1.3717034942007195e-09
1.0089020004338247e-17,0.9999997041801263,2.9581987360442945e-07
1.501264822253305e-06,0.0997648011613676,0.9002336975738102
1.8552376736564766e-06,0.0003928448279702982,0.999605299934356
9.656450421347986e-08,0.667835859046361,0.3321640443891348
2.7658242911253037e-06,1.9589114107928716e-06,0.9999952752642982
4.77561896926896e-25,0.9999999999958029,4.197164077141268e-12
5.081234574269828e-07,0.48237237456506415,0.5176271173114784
3.21636507493232e-12,0.9802561936105096,0.019743806386273936
0.9999999999737477,7.138146620168041e-41,2.6252387554656762e-11
1.0139548703640047e-05,7.890870876637855e-07,0.9999890713642087
0.001292024995048118,1.5486150885928339e-09,0.9987079734563368
3.253936821043019e-07,0.3594644927450102,0.6405351818613076
3.674881302891133e-05,1.475809628657215e-07,0.9999631036060082
0.9998924112031743,1.0282450274731399e-23,0.00010758879682567902
0.9999999708039153,5.965932869295899e-33,2.9196084797248314e-08
1.2583537359259477e-09,0.9750139393789953,0.024986059362650907
8.0765398287905895e-28,0.9999999999999245,7.549460370136355e-14
0.9989271418177875,1.6536111569864094e-20,0.0010728581822126047
5.029853708280695e-21,0.9999999989374175,1.0625824392896561e-09
1.0571313827360025e-31,0.9999999999999996,4.2417633837487883e-16
2.482217186542235e-32,0.9999999999999998,1.3870479268470019e-16
2.5939995591051094e-19,0.9999999829779068,1.7022093224796322e-08
0.9999998367463263,3.203726432864932e-30,1.6325367367562918e-07
2.2335405592775218e-10,0.9939059754491728,0.006094024327473117
7.530562717763628e-08,0.7102358637301149,0.2897640609642579
0.014215821515645474,5.130587174738393e-11,0.9857841784330487
0.09839489337442484,6.219161461552803e-12,0.901605106619356
0.0007939487339502057,1.7940062331706702e-09,0.9992060494720436
1.6817687457324139e-06,3.264637995312477e-05,0.999965671851301
0.99999838092756,3.2492761992060992e-28,1.6190724400376162e-06
1.7820025783661229e-06,6.895988903717453e-05,0.9999292581083845
6.891920651772701e-19,0.9999999367014252,6.329857470888255e-08
1.0691079467508978e-17,0.9999998443575979,1.5564240209340406e-07
0.009368753077882963,1.8175919081495547e-07,0.9906310651629262
8.549844723495219e-08,0.0109495859618943,0.9890503285396585
0.9999999992028821,2.139155287554812e-37,7.971179004173615e-10
5.274742200182325e-24,0.9999999999643485,3.565137142124238e-11
2.913646722461145e-06,1.0059256519771492e-05,0.9999870270967578
0.00044323155821944526,5.689315067583604e-09,0.9995567627524655
0.9999999805621399,3.0114828614540317e-33,1.9437860054660363e-08
1.8902212802683838e-26,0.9999999999790639,2.0936154607480302e-11
0.0002606267953758345,5.317538598723503e-08,0.9997393200292382
6.30959350032556e-26,0.9999999999987474,1.252514813697155e-12
0.9964365687237797,8.298788673842939e-20,0.0035634312762204147
0.9999999999853681,2.419540620340747e-41,1.4631922006448125e-11
3.0317891768042037e-18,0.9999999294882104,7.051178961886067e-08
0.9999999999936575,2.598433341884394e-42,6.342392817208479e-12
2.136787446924667e-25,0.9999999999966667,3.3332227902352643e-12
0.9999982789798644,1.9780559557671286e-28,1.7210201356731638e-06
0.9999845101898469,1.4853425315639838e-25,1.5489810153053317e-05
3.622501936604201e-29,0.9999999999999745,2.543535469381716e-14
5.558113408132433e-06,1.2916548069081744e-05,0.9999815253385227
1.7051859757793855e-12,0.9809211077810601,0.019078892217234786
0.9999999892896948,8.180872918329201e-34,1.0710305288491268e-08
0.9998802076298763,9.93392827076925e-24,0.00011979237012368448
6.062992315461609e-05,1.0855795363004197e-07,0.9999392615188917
1.1947459674890463e-15,0.9999969010217624,3.098978236488763e-06
1.2538740065062796e-20,0.999999821968422,1.7803157801964483e-07
2.7332380986066824e-05,2.794401344531766e-07,0.9999723881788793
4.3288913691327116e-17,0.9999992724520053,7.275479947856067e-07
0.00010634685012050772,1.3143617506471071e-08,0.9998936400062619
0.9999999366681334,6.037109429368634e-31,6.333186669843512e-08
0.9999162696594086,1.1371357079827273e-23,8.373034059155248e-05
0.9999999985834898,5.596783572112643e-37,1.4165102968226975e-09
2.4878554232597823e-10,0.9897787526270129,0.010221247124201556
0.9999803806653691,1.0401521921730421e-25,1.961933463099362e-05
1.1328350504902436e-14,0.9999916140803649,8.385919623857281e-06
1.2754103002561255e-11,0.9563976465377846,0.04360235344946134
0.9999822032856669,4.822521684294233e-25,1.7796714333116676e-05
7.291130007756764e-31,0.9999999999999987,1.4348843403172187e-15
9.475103794903584e-05,2.3788147275166417e-08,0.9999052251739037
0.9999959404773381,5.748693150068678e-27,4.059522662016337e-06
0.9989068511505498,1.2623799159740478e-21,0.0010931488494501352
0.0021739859057889814,3.3375616977467827e-10,0.9978260137604549
0.01770641344821044,9.071828960735523e-11,0.9822935864610712
0.9999998130066509,6.206245250363664e-31,1.869933492362236e-07
0.0006503728519342734,6.129995488486106e-09,0.9993496210180701
8.317415784719283e-26,0.9999999999964688,3.5310700934154007e-12
2.9789758455682906e-14,0.9999800338899971,1.9966109973081814e-05
0.00026689192767299317,3.7867069644757065e-05,0.9996952410026821
1.6549087309756866e-06,0.0007089051674404717,0.9992894399238285
0.9999999704708025,3.962882392955526e-33,2.9529197631891882e-08
1.119573669633412e-06,0.09038982075723045,0.9096090596690999
3.839700291938723e-06,2.5132853163507113e-06,0.9999936470143916
1.7128168119420495e-12,0.9857891433214071,0.014210856676880072
3.528704176566351e-22,0.9999999992512458,7.487541450610329e-10
1.2346686315942275e-06,2.755383558586655e-05,0.9999712114957825
7.6019843725235e-11,0.9962974721192877,0.0037025278046925302
2.600788894700405e-15,0.9999939748131025,6.025186894785118e-06
0.9996806404507543,2.6222678288332274e-22,0.0003193595492457258
5.877844980367395e-32,0.9999999999999998,2.80847915913534e-16
7.632812170985948e-13,0.9998105754070226,0.00018942459221422427
2.7108786685360955e-31,0.9999999999999989,1.0453665813285221e-15
0.9999407467024304,3.9634176666886346e-24,5.925329756957871e-05
2.207092051634855e-26,0.9999999999986344,1.3654886688453088e-12
4.616073158050199e-12,0.9993277650106782,0.0006722349847056382
2.2565931777263247e-15,0.999995315443362,4.684556635961592e-06
8.848888298009334e-05,6.776859666467817e-08,0.9999114433484232
0.999999824804231,7.210749236879877e-31,1.7519576894418295e-07
3.636853149083122e-11,0.8592183916054974,0.14078160835813394
0.9999999024291195,9.79031464934272e-33,9.757088047579604e-08
6.382371751919861e-20,0.9999999894651702,1.0534829870863486e-08
0.9999999330240719,2.583240250030329e-32,6.697592816447029e-08
0.06475497615418599,1.1379686941808576e-12,0.9352450238446759
1.4350110313151088e-07,0.0032208044976153234,0.9967790520012816
7.178163016191027e-29,0.999999999999962,3.791281834051865e-14
0.9999999996587512,1.4033929464485536e-37,3.412488649304764e-10
4.317453764945083e-10,0.6525072131593774,0.3474927864088772
0.9994777898653322,7.946028845473542e-22,0.0005222101346678294
1.6266920340610643e-16,0.9999985853237423,1.414676257538551e-06
0.003124881926086093,4.793022903140892e-11,0.9968751180259836
3.218573665399484e-32,0.9999999999999998,1.269125982391619e-16
6.498176569388185e-05,5.703130517323791e-07,0.9999344479212544
4.818162569752339e-06,0.010729748290568721,0.9892654335468615
0.9999999077753566,5.566640586895501e-31,9.222464346258694e-08
4.512161182344721e-06,0.009945465946297312,0.9900500218925203
0.998724749402275,1.1995751541593504e-20,0.001275250597724983
0.9999999973386555,4.4348607314168583e-35,2.6613445738251562e-09
0.9999975951298019,1.5356335802391475e-27,2.4048701981006992e-06
1.20256558799079e-05,1.3490008301260628e-06,0.9999866253432899
2.8637377723099462e-31,0.9999999999999991,9.233720371135442e-16
1.4615065092960843e-14,0.9992963469897206,0.0007036530102648549
1.4524511876994788e-05,4.7606527218918253e-07,0.9999849994228507
0.004635352280848627,6.697988431756289e-11,0.9953646476521715
0.9999999981958687,9.181425853729363e-37,1.8041311755941057e-09
0.9999999999481968,4.1878549599588607e-38,5.18032253944271e-11
4.931826784813417e-25,0.9999999999933575,6.642428451622174e-12
4.632398015856611e-08,0.43672162524419134,0.5632783284318285
4.2970023745046447e-05,3.8407046231858927e-07,0.9999566459057926
1.3953828318115287e-08,0.05658806591619203,0.9434119201299797
0.9972559995839976,9.05099838754876e-21,0.002744000416002373
7.313768750917607e-09,0.022896623689037894,0.9771033689971934
0.9999999872356292,5.555925021327596e-34,1.2764370780446514e-08
4.5056784301605053e-07,0.0008809604275692741,0.9991185890045876
0.9999695131556605,2.489548993781905e-25,3.04868443394629e-05
0.9996075305775053,2.742003542536021e-22,0.00039246942249466984
1.9643046007700775e-12,0.9988515274626625,0.0011484725353731232
0.9999994673608602,2.2551059553896788e-29,5.326391396594977e-07
1.2783047393747721e-15,0.9999954711369772,4.528863021467798e-06
0.00011768436484583675,0.0009134200138160171,0.9989688956213382
0.999959302643987,9.40096056411387e-24,4.069735601300928e-05
1.0849256303454524e-32,0.9999999999999949,5.0561495830355305e-15
0.9999999911039065,1.5110429498379623e-34,8.896093557674603e-09
0.999974163146008,1.4893984441553586e-25,2.5836853991976708e-05
2.3196957950435604e-18,0.9999979264315038,2.073568496231157e-06
0.9999999999330067,1.676645436903597e-39,6.699336443441403e-11
8.557812387323844e-22,0.9999999995619169,4.38083037510897e-10
0.9872737823256791,2.688705552629785e-18,0.012726217674320849
0.0010285056630366131,6.401336196320626e-09,0.9989714879356273
7.974748474762999e-09,0.23696748644056836,0.763032505584683
0.03454685088370066,5.963263150746706e-12,0.9654531491103361
0.047935831738726425,6.24865978518614e-09,0.9520641620126138
0.9999700466351475,1.0194669631007101e-25,2.995336485242166e-05
0.01313718133184929,2.0690382451259e-08,0.9868627979777682
0.9447064018328668,3.007464270829821e-16,0.05529359816713297
0.0001233421548582984,1.1689478570467e-08,0.9998766461556632
4.066583922575068e-21,0.9999999573017062,4.269829383351743e-08
7.3414077521771745e-22,0.9999999995502822,4.497179255468905e-10
0.0022902451245824557,8.791858297578779e-07,0.9977088756895878
0.9995901538959631,2.1737724443957728e-21,0.000409846104036927
0.0018748807077409984,5.185927637399134e-10,0.9981251187736663
1.1344796147076512e-06,5.7205682054244165e-06,0.9999931449521797
4.9168223542509476e-06,1.252472644318064e-06,0.9999938307050014
1.4875405316613847e-17,0.9999997644714596,2.355285405156044e-07
0.999824521755536,7.269808483459754e-23,0.00017547824446401746
1.7269597858972602e-07,0.0011130625537145553,0.9988867647503069
0.024302298355555203,3.797721344895184e-08,0.9756976636672312
0.000570080121458544,1.2983573101081697e-10,0.9994299197487058
0.9999999987273793,4.4328476349339524e-37,1.272620693362262e-09
0.0008478238799433848,9.45513678573721e-10,0.999152175174543
0.9999966513241065,1.2419653190100445e-27,3.348675893425147e-06
4.573773753308768e-05,0.0009503397763543076,0.9990039224861126
0.9960802027451667,3.0422630709868724e-19,0.0039197972548333055
0.0018122260771489122,4.717152649257835e-10,0.9981877734511357
0.9999999999983178,1.0034679261893775e-42,1.6821912960519631e-12
0.9999999996403053,4.97235442309691e-38,3.5969482186908257e-10
4.4937727247172565e-05,0.014400142789339638,0.9855549194834131
8.241788247929755e-18,0.9999998898144987,1.101855012351862e-07
4.408636797071805e-23,0.9999999999613138,3.8686116712244575e-11
0.9994616421870212,3.3957899708721207e-22,0.0005383578129788299
3.722153173155157e-05,4.1549011378787713e-07,0.9999623629781546
0.0019116596328308526,1.0493055582857418e-09,0.9980883393178634
5.858446449793324e-20,0.9999999952089449,4.7910550043865395e-09
0.001922760683130708,1.4063348990064297e-06,0.9980758329819702
0.9997554035976711,3.2885992789177187e-23,0.00024459640232896477
0.9999999999975016,3.80148977496228e-43,2.49848521435977e-12
9.809994508008704e-08,0.6660083424324919,0.3339915594675631
4.2312335074231856e-14,0.9991513084453053,0.0008486915546524196
0.002007203204804268,1.72188831008e-09,0.9979927950733073
1.865147563663207e-08,0.03314190416122979,0.9668580771872947
0.001843649809484457,3.4696354873396115e-10,0.9981563498435521
0.9999999999632643,1.1957886491197102e-40,3.673573968256099e-11
0.9999999999924598,9.553797500200097e-42,7.540275445499683e-12
3.3085283500311126e-09,0.1616337828361563,0.8383662138553154
1.3614948665560572e-16,0.9999987579353837,1.2420646161570286e-06
1.5266942067443076e-17,0.9999797698384338,2.023016156613882e-05
5.5449742016705655e-12,0.998353875599982,0.0016461243944728855
0.012385649531779109,6.142013399880174e-11,0.9876143504068009
2.3707029342743677e-19,0.9999999823898792,1.7610120906338484e-08
0.9999999988835264,3.2211842043489337e-37,1.1164734761183077e-09
7.321823853003178e-05,4.6847047303812493e-07,0.999926313290997
0.9999997436971744,1.5211786149664008e-30,2.5630282555693424e-07
0.0035509693889856433,5.9555387837586214e-08,0.9964489710556265
0.9941940481793192,8.287490001828691e-19,0.00580595182068088
0.008063523243092527,4.382098337133078e-11,0.9919364767130864
7.006766375681633e-19,0.9999999546618893,4.5338110826856246e-08
9.998724155149262e-21,0.9999999961008603,3.899139629922291e-09
3.654891753445386e-12,0.9993425446628962,0.0006574553334489059
0.9998865854719309,5.431572209428516e-23,0.00011341452806911623
3.669673716223103e-06,1.8725310670435037e-05,0.9999776050156133
0.9999999999930669,9.851090532114698e-43,6.9330273369035855e-12
0.9999999992001056,2.0734157532186225e-36,7.998943362657637e-10
8.66170644011139e-21,0.9999999957452177,4.2547823554069504e-09
3.677379198640041e-05,7.081749180818459e-05,0.9998924087162053
2.1573339807428076e-21,0.9999999978161294,2.183870640667168e-09
0.9941187501315549,3.5994205541721114e-19,0.005881249868444997
1.853005076231653e-13,0.9999231220550424,7.68779447721645e-05
0.0003513620394155966,6.705285364518551e-10,0.9996486372900559
3.955173986712759e-18,0.9999951372668711,4.86273312902304e-06
0.00023757793525454798,3.687391761320076e-08,0.9997623851908277
9.493474049821252e-06,6.86786216943532e-06,0.9999836386637807
9.867242518405259e-08,0.016207008705215145,0.9837928926223597
8.771079182369196e-12,0.968894990866478,0.031105009124750862
0.0006207065368962663,3.1936292128696606e-10,0.9993792931437409
5.4751931467959725e-12,0.9622813764040211,0.03771862359050354
1.5942010239488231e-06,9.012186552460456e-05,0.9999082839334514
1.034234988257736e-05,2.7592173590844124e-07,0.9999893817283816
5.353303747122548e-06,2.994620367167043e-05,0.9999647004925811
0.9999999887668941,3.0140417504461815e-34,1.123310595766968e-08
0.9999985094127751,3.6944901063093994e-28,1.4905872249527424e-06
4.957503024157888e-05,4.155345482710387e-08,0.9999503834163037
8.465066417414474e-24,0.9999999999182805,8.171950367132684e-11
3.0765140589798676e-15,0.9999899697431491,1.0030256847763143e-05
0.9978730911808491,4.471068072290373e-20,0.002126908819150768
3.323606032902489e-12,0.9993989387679069,0.0006010612287695305
7.03949177144341e-17,0.9999994300759505,5.699240496470451e-07
0.0005063215138799566,1.7973737686350716e-09,0.9994936766887463
2.8722548828421854e-05,1.1728966707254693e-07,0.9999711601615046
0.011253635019397853,3.4685248988026066e-11,0.9887463649459168
0.9998374918237781,1.8105479131786507e-22,0.00016250817622184306
0.999999999352291,4.3901767415607335e-37,6.477088880905768e-10
7.491251395505981e-20,0.999999981468204,1.8531796016325244e-08
2.425499760162807e-13,0.9997726764338989,0.00022732356585835942
1.3150239119181164e-13,0.9999042878513185,9.571214855003796e-05
1.974770609246992e-05,1.8807622785635772e-07,0.9999800642176796
0.9999999999031062,4.993977267560597e-38,9.689379872090986e-11
0.008220490625730556,5.624814340625023e-11,0.9917795093180213
2.3954681172719725e-12,0.9994905874485629,0.0005094125490415269
0.0010144989825325956,2.6468620540646284e-06,0.9989828541554133
1.0301448767889525e-08,0.9394758595841044,0.06052413011444691
0.9951836844409672,6.259939177535355e-19,0.004816315559032842
0.9999999997507156,7.84112026168959e-39,2.4928426297512e-10
0.9999983494051721,9.143508422522567e-28,1.650594827943336e-06
0.006843929045761044,5.04493841101049e-11,0.9931560709037895
5.625791904505723e-08,0.005908054465872973,0.9940918892762081
0.01922400446437919,2.1955656465545925e-08,0.9807759735799644
6.103069248853742e-32,0.9999999999999998,2.139905244872442e-16
4.7277053522764814e-08,0.005622251577487901,0.9943777011454585
0.9950516886738842,2.5927802123589405e-19,0.004948311326115891
9.994624299947282e-30,0.9999999999999944,5.481633311777628e-15
0.00032163697531370765,3.8416260137366134e-08,0.9996783246084262
1.1766538502949474e-10,0.9887265938251854,0.011273406057149217
2.716871785590093e-06,9.059034746573788e-05,0.9999066927807486
0.9999920442248343,4.811699549288995e-26,7.95577516565299e-06
4.002175595960085e-22,0.9999999995927571,4.0724283252657337e-10
0.03229022614921371,7.989076689786854e-12,0.9677097738427972
6.051371085110858e-07,0.00012826834113235683,0.9998711265217592
0.9999999784835414,6.909010361008639e-33,2.151645861395954e-08
0.07090686373530097,1.315852341505367e-12,0.9290931362633831
4.281366899049808e-11,0.9169472307327915,0.08305276922439472
0.9999999999959275,2.4677855748232105e-42,4.0725979245185064e-12
0.03350905737152318,7.622063430727754e-09,0.9664909350064134
0.9999999988208694,7.333808476867491e-36,1.1791305071088078e-09
0.9952525108418028,3.0218245785212647e-19,0.004747489158197149
5.992244137044322e-05,4.419175027217213e-08,0.9999400333668794
0.99999999994031,3.886303627004762e-40,5.969001462871583e-11
5.152567535898666e-32,0.9999999999999998,1.5362744992166018e-16
8.669935493576014e-12,0.9634413960799324,0.03655860391139764
5.484853176816158e-05,7.268239389091163e-08,0.9999450787858379
5.836473114144189e-07,0.17900281616674518,0.8209966001859433
5.7648774941157e-10,0.9861390011002645,0.013860998323247617
0.0002445151486021296,1.8842720476851083e-08,0.9997554660086774
9.826433935155342e-05,0.00022744544797646503,0.9996742902126718
9.773864260478166e-27,0.9999999999990059,9.940599770949863e-13
0.9999999989614587,1.19973530475013e-37,1.0385412538160863e-09
0.9999901064043056,1.1740941324061949e-26,9.893595694437625e-06
2.6082037511186393e-18,0.9999999511338937,4.88661063969346e-08
1.948437423434064e-05,0.09814849045109889,0.9018320251746669
0.9988683091109262,7.454748135568743e-21,0.0011316908890739224
1.8068315216995438e-19,0.9999991815019105,8.184980895657887e-07
0.999999999993187,1.3817523294539116e-42,6.8130523979622055e-12
0.9999560903493672,1.9857533262874027e-24,4.390965063295161e-05
8.065234732788264e-06,6.2801885564394644e-06,0.9999856545767108
2.714970540345465e-06,1.1283841815491989e-05,0.999986001187644
4.966015076020651e-10,0.9623260119824331,0.0376739875209653
2.773184147948376e-11,0.9989715426207063,0.0010284573515618803
0.9726479862191724,5.422245169759969e-18,0.027352013780827623
1.1725875232391266e-07,0.006122007007998495,0.9938778757332491
4.544767061614297e-08,0.006112298907145993,0.9938876556451833
0.054864884858186434,1.4230331590683137e-12,0.9451351151403905
9.604398508105551e-32,0.9999999999999998,2.4459465540895737e-16
0.0013281814199487354,7.888426378810586e-06,0.9986639301536725
2.173047244443803e-06,4.1269394595136596e-05,0.9999565575581605
3.7970148652868395e-06,0.05772784816834226,0.9422683548167924
1.1016619699505533e-05,0.017754253665879082,0.9822347297144215
0.9999810960087101,8.729313406302803e-26,1.8903991289930358e-05
0.9999999990767248,6.816155340744995e-37,9.232751272130385e-10
1.7664914594274243e-22,0.9999999903881803,9.611819645264378e-09
1.4838578437748262e-05,3.378144613318611e-07,0.999984823607101
5.894935571333659e-05,1.107228837320486e-06,0.9999399434154495
0.9996586086049154,5.618544008638033e-22,0.0003413913950847081
3.573962235469228e-17,0.9999993896945846,6.103054155450005e-07
0.0001326082564201249,6.984630114117813e-08,0.9998673218972787
4.072360458384685e-07,0.0001465640178617163,0.9998530287460925
0.9999999995348821,1.7714130555997041e-37,4.6511791306732415e-10
0.9999999993384099,1.5207935597588072e-35,6.615900880844432e-10
1.822171685065673e-15,0.999858465339018,0.00014153466098011593
3.5637947382627186e-05,2.55972064912762e-07,0.9999641060805525
0.9999990439793063,4.62225234769732e-29,9.560206937490004e-07
0.9999432950011825,4.092173240261624e-24,5.670499881734834e-05
3.6641830527734324e-16,0.9999977049881876,2.295011812048238e-06
0.9996374787625416,2.0320782333817452e-22,0.0003625212374583952
0.003340030148435533,3.34879572309959e-11,0.9966599698180766
0.9022926203477567,3.309186112550959e-16,0.09770737965224299
2.3875975097165668e-27,0.999999999999553,4.469817300634458e-13
5.1433333211623593e-26,0.999999999999371,6.289556925228577e-13
1.2276767144048572e-07,0.0028158299402625655,0.997184047292066
4.1585185618962506e-13,0.9996793531084697,0.00032064689111452685
0.9999999999984648,1.4223857500456926e-43,1.5351216851343717e-12
0.001904562873752794,3.5659331274394845e-11,0.9980954370905879
2.4978342059596414e-05,4.252017656331781e-08,0.9999749791377639
0.9999999999989198,1.219670481050726e-43,1.0801384507097716e-12
0.98597950360976,3.7305385896878626e-17,0.014020496390239872
6.332407412930578e-11,0.9947319883810646,0.005268011555611317
0.9994468380443662,1.4666654225382236e-21,0.0005531619556338011
0.9358345593548818,5.248663066578489e-17,0.06416544064511816
0.00016035743232830618,0.00023368388971678987,0.999605958677955
0.9857606681914349,3.429851100716013e-17,0.014239331808565035
0.9999746355422015,4.697964321561735e-25,2.5364457798542632e-05
1.965586975100095e-06,0.00011545817031915622,0.9998825762427057
0.9894370797319899,1.9444219877503667e-18,0.010562920268010013
0.9999999996002609,1.0494020101167095e-37,3.9973907847353707e-10
5.062931016429357e-08,0.04223259965429651,0.9577673497163933
1.5528254140805107e-19,0.999999345296099,6.547039009795269e-07
8.753780703993495e-23,0.9999999998966407,1.0335921218826566e-10
0.0004897974929199679,1.3650153256412011e-09,0.9995102011420647
0.9999999990245694,3.57648453960135e-36,9.754307063800118e-10
2.7430481007786862e-21,0.9999999988521533,1.1478466757970567e-09
4.404557439534882e-14,0.9999635804879952,3.6419511960872586e-05
1.4482213926237479e-10,0.7876241096503841,0.21237589020479375
0.014802765529506426,1.410136524045906e-11,0.9851972344563923
0.0002905218574103741,0.00012208171329680252,0.9995873964292927
4.265604382382468e-18,0.99999982214583,1.7785417002195674e-07
2.161021611021619e-21,0.9999999995470843,4.529157556327347e-10
9.174879649822785e-26,0.9999999999980766,1.9233274322209666e-12
3.3944069996893993e-11,0.996798420540085,0.0032015794259708215
0.9999999975209308,9.894343675945188e-37,2.4790690554317153e-09
9.689582810324974e-22,0.9999999814439181,1.8556081899404287e-08
4.8348530589527045e-05,0.00031990951346696844,0.9996317419559435
2.084336773305414e-14,0.9989638629794376,0.0010361370205414409
7.455551783688257e-05,2.3519974469141175e-07,0.9999252092824185
0.9999999999872933,5.832768715429187e-42,1.270669501131989e-11
8.576060171109725e-05,2.5013005089035304e-08,0.9999142143852838
2.3174832569242796e-23,0.9999999998478659,1.5213404018515265e-10
3.842817395478378e-12,0.9708834277789039,0.029116572217253247
0.00636726694769511,3.092090524694405e-11,0.9936327330213841
0.9938699535444796,1.2028758236416098e-18,0.006130046455520383
6.133122831284022e-05,7.643893113512091e-05,0.9998622298405521
2.942479457259799e-13,0.9998767827308641,0.00012321726884167061
5.494346001824661e-31,0.9999999999999991,9.652446817158252e-16
0.003493184170407714,3.408884349959067e-07,0.9965064749411573
4.221149601591521e-24,0.9999999999875289,1.2471044003809314e-11
3.923825873037119e-06,0.009870539215567598,0.9901255369585593
0.9934915093602065,1.1539222533737174e-18,0.006508490639793551
1.261176148610138e-21,0.999999998956234,1.0437659958744892e-09
0.00010524227628002865,1.3399564297012804e-08,0.9998947443241556
0.9999973422632368,3.803441202092562e-28,2.657736763195642e-06
0.999997814333817,1.157358184582891e-28,2.1856661829665248e-06
5.480153231492624e-05,0.023965108835615048,0.9759800896320701
0.9999999170185354,3.406208761979623e-32,8.298146467194872e-08
0.9945814106906802,2.8291840828496577e-19,0.005418589309319765
0.9998883834571097,6.670087356297163e-24,0.00011161654289013343
1.560065155187454e-08,0.9164955121163527,0.08350447228299578
3.8486290615790945e-08,0.02581707023678903,0.9741828912769203
6.016023457077627e-20,0.9999997556259481,2.443740519041804e-07
0.9999999998121523,5.647577657862705e-39,1.8784775264678911e-10
0.9986573784267072,8.195269447694612e-21,0.0013426215732927327
8.958128447978402e-14,0.9999405008340911,5.9499165819350845e-05
2.0437973728448852e-07,0.0016105131377471822,0.9983892824825155
0.9999896826256909,2.1183703392571264e-26,1.0317374309031591e-05
0.9833606278356374,2.0047389729531586e-17,0.01663937216436268
0.999998704310458,1.2872685823691577e-28,1.2956895420092372e-06
7.486545034961221e-19,0.9999999591438941,4.085610583380863e-08
0.999999568313732,2.1852684232153594e-29,4.316862679420117e-07
0.9999999940764943,1.2796174229044004e-34,5.923505618870256e-09
0.9999977103922012,1.9205841657927378e-28,2.2896077988527625e-06
0.9999997572340237,1.0274876742710351e-30,2.4276597642603064e-07
1.122404324966575e-23,0.9999999982430785,1.7569215390218796e-09
5.545625930075888e-18,0.9999947500491124,5.2499508875481234e-06
0.9999216331544817,2.8401670893144504e-24,7.83668455183482e-05
3.5293582632341516e-06,0.009706382581442262,0.9902900880602944
2.1431861333531522e-12,0.9841235503824742,0.0158764496153826
9.416664352375336e-06,1.9308955969037644e-06,0.9999886524400508
1.3538244188929944e-17,0.9999998163604391,1.8363956087821463e-07
2.55279724928372e-05,8.189010063822038e-08,0.9999743901374066
0.9999999990326496,2.597264920431962e-37,9.673504241654477e-10
0.0007816763674179629,1.8090792529424734e-09,0.9992183218235028
0.9999993499338782,4.3935060977754525e-29,6.500661218085862e-07
0.9999995332422937,5.1202583178349116e-30,4.667577061268643e-07
8.493609108994937e-06,0.002520189452265159,0.9974713169386258
0.9999999999341369,4.902052315308886e-39,6.586301943939681e-11
4.0678556411580744e-29,0.9999999999999798,2.0179947380864622e-14
2.9425809964493983e-30,0.9999999999999976,2.3906965752101054e-15
0.9999999964896407,1.45041628800843e-36,3.510359251327318e-09
0.00047490526873593815,1.7501456495846477e-09,0.9995250929811185
0.999999999991404,1.428156071309161e-41,8.595940562645296e-12
2.701018385485802e-06,5.077045145881267e-06,0.9999922219364685
3.4512819197548375e-18,0.999999904129046,9.587095395806848e-08
0.9999999999965203,1.0915142104719745e-42,3.4796831515300145e-12
0.9999999952873071,1.235238312341645e-34,4.712692980053237e-09
9.383985686348279e-17,0.9999990405390171,9.59460982913989e-07
2.0078454581608018e-13,0.993909476210566,0.0060905237892330604
0.9999999175992907,1.536871136708026e-32,8.240070932857929e-08
9.491639622119656e-06,2.2170146991799652e-05,0.9999683382133862
2.937691019424354e-06,7.519806614392837e-06,0.9999895425023663
0.9904233431462849,2.902480101592841e-18,0.009576656853715223
8.959505997381089e-07,8.585685122340026e-05,0.999913247198177
5.8220533674236176e-15,0.9994289190447185,0.0005710809552756445
1.5400860775271557e-11,0.9258320262160602,0.07416797376853893
0.999999999834656,6.09204605467599e-38,1.6534388347485652e-10
6.995554281587791e-15,0.9999917111232358,8.288876757048669e-06
1.655506517456707e-08,0.018152217598298645,0.9818477658466362
3.827503456004299e-08,0.7558972905689232,0.24410267115604237
2.8829630210416314e-05,8.522534933919029e-08,0.9999710851444402
0.9999949409152129,1.0516316844876426e-26,5.059084787098409e-06
9.775055392378406e-05,6.454066363288983e-08,0.9999021849054126
2.44582427361106e-10,0.9886861744331515,0.0113138253222661
0.9999999999879783,1.6064206788078487e-41,1.2021776865939327e-11
2.612105118580802e-06,1.1643388359706329e-05,0.9999857445065218
1.9755175104468634e-06,3.5441093671971054e-05,0.9999625833888175
0.9998561957480767,4.4402881083136964e-24,0.0001438042519234186
8.207094393097232e-06,1.552109552781258e-06,0.9999902407960543
0.999968690592485,2.178615096873849e-25,3.130940751499569e-05
0.0051381566639409045,3.187858219612435e-07,0.9948615245502371
0.9976279617977738,5.291473720326174e-20,0.0023720382022262058
2.7893041678192855e-14,0.9987922774528736,0.0012077225470984302
0.9997947433867143,4.7879278643393483e-23,0.00020525661328577914
0.9999999999951554,2.724237876566966e-42,4.8445400791667276e-12
4.798151416931832e-07,0.000190194534277946,0.9998093256505803
1.5690496359009723e-17,0.9999889423496066,1.1057650393494484e-05
1.844388928628998e-24,0.9999999999896918,1.0308127806844885e-11
0.9856694209808756,4.3690984500304434e-18,0.014330579019124373
4.740079809924176e-08,0.892968442785532,0.10703150981366996
0.9999891614624514,1.2018210487883017e-25,1.0838537548538746e-05
0.0002957094325491338,2.51393385458136e-09,0.999704288053517
0.9999493134022982,5.496542879451829e-23,5.068659770168903e-05
5.458510464474007e-13,0.9998595925272414,0.00014040747221254817
0.9999996003982705,3.400634901154012e-30,3.996017295403228e-07
1.2588318212482244e-07,0.0014232998382630686,0.998576574278555
